-- phpMyAdmin SQL Dump
-- version 4.7.4
-- https://www.phpmyadmin.net/
--
-- Host: 127.0.0.1
-- Generation Time: Dec 09, 2019 at 05:09 AM
-- Server version: 10.1.28-MariaDB
-- PHP Version: 7.1.11

SET SQL_MODE = "NO_AUTO_VALUE_ON_ZERO";
SET AUTOCOMMIT = 0;
START TRANSACTION;
SET time_zone = "+00:00";


/*!40101 SET @OLD_CHARACTER_SET_CLIENT=@@CHARACTER_SET_CLIENT */;
/*!40101 SET @OLD_CHARACTER_SET_RESULTS=@@CHARACTER_SET_RESULTS */;
/*!40101 SET @OLD_COLLATION_CONNECTION=@@COLLATION_CONNECTION */;
/*!40101 SET NAMES utf8mb4 */;

--
-- Database: `roofing`
--

-- --------------------------------------------------------

--
-- Table structure for table `agency`
--

CREATE TABLE `agency` (
  `agency_id` int(11) NOT NULL,
  `agency_name` varchar(25) NOT NULL
) ENGINE=InnoDB DEFAULT CHARSET=latin1;

--
-- Dumping data for table `agency`
--

INSERT INTO `agency` (`agency_id`, `agency_name`) VALUES
(1, 'FedEX'),
(2, 'PromptXP'),
(3, 'Pronto'),
(4, 'DEX');

-- --------------------------------------------------------

--
-- Table structure for table `customer`
--

CREATE TABLE `customer` (
  `customer_id` int(11) NOT NULL,
  `customer_name` varchar(25) NOT NULL,
  `customer_contact` text NOT NULL,
  `destination` varchar(15) NOT NULL
) ENGINE=InnoDB DEFAULT CHARSET=latin1;

-- --------------------------------------------------------

--
-- Table structure for table `distance`
--

CREATE TABLE `distance` (
  `ID` int(11) NOT NULL,
  `city` varchar(100) NOT NULL,
  `km` int(11) NOT NULL
) ENGINE=InnoDB DEFAULT CHARSET=latin1;

--
-- Dumping data for table `distance`
--

INSERT INTO `distance` (`ID`, `city`, `km`) VALUES
(1, 'jaffna', 305),
(2, 'Kandy', 96),
(3, 'Trincomalee', 238),
(4, 'Galle', 108),
(5, 'Anuradhapura', 166),
(6, 'Rathnapura', 67),
(7, 'Badulla', 133),
(8, 'Kurunegala', 84);

-- --------------------------------------------------------

--
-- Table structure for table `main_order`
--

CREATE TABLE `main_order` (
  `order_id` int(10) NOT NULL,
  `sup_id` int(11) NOT NULL,
  `order_items` int(15) NOT NULL,
  `order_weight` int(10) NOT NULL,
  `order_status` varchar(10) NOT NULL,
  `customer_contact` varchar(10) NOT NULL,
  `customer_name` varchar(100) NOT NULL,
  `customer_address` varchar(255) NOT NULL,
  `distance` int(11) NOT NULL,
  `sub_price` float NOT NULL,
  `dis_price` float NOT NULL,
  `wei_price` float NOT NULL,
  `total` float NOT NULL
) ENGINE=InnoDB DEFAULT CHARSET=latin1;

--
-- Dumping data for table `main_order`
--

INSERT INTO `main_order` (`order_id`, `sup_id`, `order_items`, `order_weight`, `order_status`, `customer_contact`, `customer_name`, `customer_address`, `distance`, `sub_price`, `dis_price`, `wei_price`, `total`) VALUES
(1, 12, 3, 12, 'Pending', '0115899651', '', '', 0, 0, 0, 0, 0),
(2, 13, 15, 9, 'Delivered', '0915522689', '', '', 0, 0, 0, 0, 0),
(3, 14, 2, 24, 'Delivered', '0115485266', '', '', 0, 0, 0, 0, 0),
(4, 15, 1, 1, 'Delivered', '0112658965', '', '', 0, 0, 0, 0, 0),
(5, 12, 1, 5, 'pending', '5785', 'chana', 'gvadsvdsv', 238, 1200, 3570, 350, 4056),
(6, 12, 1, 5, 'pending', '5785', 'chana', 'gvadsvdsv', 238, 1200, 3570, 350, 4056),
(7, 12, 1, 5, 'pending', '5785', 'chana', 'gvadsvdsv', 238, 1200, 3570, 350, 4056),
(8, 12, 1, 5, 'pending', '5785', 'chana', 'gvadsvdsv', 238, 1200, 3570, 350, 4056),
(9, 13, 3, 269, 'pending', '543', 'chana', 'fbdfb', 238, 122600, 3808, 114, 125456),
(10, 12, 2, 25, 'pending', '42342', 'chana', 'rgsreg', 84, 5700, 1260, 406, 6708),
(11, 13, 5, 230, 'pending', '877787', 'kasun', 'fbsfbsfb', 84, 13400, 1344, 364, 14408),
(12, 14, 4, 32, 'pending', '67676', 'chamara', 'fdfdf', 166, 15480, 2158, 271.8, 18392.8);

-- --------------------------------------------------------

--
-- Table structure for table `messages`
--

CREATE TABLE `messages` (
  `ID` int(11) NOT NULL,
  `email` varchar(100) NOT NULL,
  `message` text NOT NULL,
  `date` varchar(50) NOT NULL,
  `time` varchar(50) NOT NULL
) ENGINE=InnoDB DEFAULT CHARSET=latin1;

--
-- Dumping data for table `messages`
--

INSERT INTO `messages` (`ID`, `email`, `message`, `date`, `time`) VALUES
(9, 'test@gmail.com', 'dvbkljsdv', '2019.12.09', '12:25:34am');

-- --------------------------------------------------------

--
-- Table structure for table `pricing`
--

CREATE TABLE `pricing` (
  `agency_id` int(10) NOT NULL,
  `agency_name` varchar(25) NOT NULL
) ENGINE=InnoDB DEFAULT CHARSET=latin1;

--
-- Dumping data for table `pricing`
--

INSERT INTO `pricing` (`agency_id`, `agency_name`) VALUES
(1, 'FedEX'),
(2, 'DEX'),
(3, 'Pronto'),
(4, 'DEX');

-- --------------------------------------------------------

--
-- Table structure for table `product`
--

CREATE TABLE `product` (
  `product_id` int(10) NOT NULL,
  `product_name` varchar(50) NOT NULL,
  `product_image` varchar(250) NOT NULL,
  `product_price` varchar(15) NOT NULL,
  `product_weight` varchar(10) NOT NULL,
  `product_colour` varchar(10) NOT NULL,
  `product_code` varchar(6) NOT NULL,
  `product_dec` varchar(255) NOT NULL
) ENGINE=InnoDB DEFAULT CHARSET=latin1;

--
-- Dumping data for table `product`
--

INSERT INTO `product` (`product_id`, `product_name`, `product_image`, `product_price`, `product_weight`, `product_colour`, `product_code`, `product_dec`) VALUES
(1, 'Black Tile', './upload/product-03.jpg\r\n', '120', '0.5', 'black', 'E123', ''),
(2, 'S Tile', './upload/product-04.jpg', '90', '0.4', 'Brown', 'F526', ''),
(3, 'Blue Roofing Sheet', './upload/product-05.jpg', '2900', '6', 'Blue', 'D258', ''),
(4, 'Wood Sticker', './upload/product-06.jpg', '320', '0.2', 'Brown', 'E112', ''),
(5, 'Black Matt Tile', './upload/product-07.jpg', '350', '0.6', 'Black', 'F225', ''),
(6, 'Pocilane Tile', './upload/product-08.jpg', '280', '0.4', 'Brown', 'S226', ''),
(7, 'Marshely Concrete Tile', './upload/product-11.jpg', '180', '1.2', 'Brown', 'F263', ''),
(31, 'new Tile8', './php/images/Products/5deac1ba326df6.86474909.jpeg', '2587', '10', '', '45777', 'nicee'),
(32, 'new Tile3', './php/images/Products/5deac23a8aa5d4.39309550.jpeg', '56', '10', '', '232562', 'nicee');

-- --------------------------------------------------------

--
-- Table structure for table `sub_order`
--

CREATE TABLE `sub_order` (
  `sub_order_id` int(10) NOT NULL,
  `order_id` int(10) NOT NULL,
  `product_name` varchar(50) NOT NULL,
  `quantity` varchar(25) NOT NULL,
  `product_colour` varchar(15) NOT NULL
) ENGINE=InnoDB DEFAULT CHARSET=latin1;

--
-- Dumping data for table `sub_order`
--

INSERT INTO `sub_order` (`sub_order_id`, `order_id`, `product_name`, `quantity`, `product_colour`) VALUES
(1, 1, 'S Tiles', '120', 'Brown'),
(2, 1, 'Colored Sheet', '6', 'Blue'),
(3, 1, 'U Tile', '120', 'Brown'),
(4, 2, 'Repair Kit', '3', 'None'),
(5, 2, 'S Tile', '25', 'Black'),
(6, 3, 'Colored Sheet', '2', 'Red'),
(7, 10, 'Black Tile', '10', ''),
(8, 10, 'S Tile', '50', ''),
(9, 11, 'Black Tile', '10', ''),
(10, 11, 'S Tile', '50', ''),
(11, 11, 'Wood Sticker', '20', ''),
(12, 11, 'Marshely Concrete Tile', '1', ''),
(13, 11, 'new Tile3', '20', ''),
(14, 12, 'Black Tile', '10', ''),
(15, 12, 'S Tile', '50', ''),
(16, 12, 'Wood Sticker', '30', ''),
(17, 12, 'Marshely Concrete Tile', '1', '');

-- --------------------------------------------------------

--
-- Table structure for table `test_price`
--

CREATE TABLE `test_price` (
  `id` int(15) NOT NULL,
  `province` varchar(25) NOT NULL,
  `package` varchar(25) NOT NULL,
  `price` varchar(25) NOT NULL
) ENGINE=InnoDB DEFAULT CHARSET=latin1;

--
-- Dumping data for table `test_price`
--

INSERT INTO `test_price` (`id`, `province`, `package`, `price`) VALUES
(1, 'Western', '1-3', '180'),
(2, 'Western', '3-7', '140'),
(3, 'Western', '7-14', '120'),
(4, 'Southern', '1-3', '240'),
(5, 'Southern', '3-7', '180'),
(6, 'Southern', '7-14', '150'),
(7, 'Central', '1-3', '300'),
(8, 'Central', '3-7', '260'),
(9, 'Central', '7-14', '220');

-- --------------------------------------------------------

--
-- Table structure for table `users`
--

CREATE TABLE `users` (
  `id` int(11) NOT NULL,
  `com_name` varchar(50) NOT NULL,
  `com_email` varchar(25) NOT NULL,
  `com_contact` varchar(10) NOT NULL,
  `com_password` varchar(35) NOT NULL,
  `com_logo` blob NOT NULL,
  `type` int(5) NOT NULL,
  `kg` int(11) NOT NULL DEFAULT '0',
  `km` int(11) NOT NULL DEFAULT '0',
  `ufast` int(11) NOT NULL DEFAULT '0',
  `fast` int(11) NOT NULL DEFAULT '0',
  `reg` int(11) NOT NULL DEFAULT '0',
  `slow` int(11) NOT NULL DEFAULT '0'
) ENGINE=InnoDB DEFAULT CHARSET=latin1;

--
-- Dumping data for table `users`
--

INSERT INTO `users` (`id`, `com_name`, `com_email`, `com_contact`, `com_password`, `com_logo`, `type`, `kg`, `km`, `ufast`, `fast`, `reg`, `slow`) VALUES
(1, 'Admin', 'admin@gmail.com', '0111111111', 'admin', '', 1, 0, 0, 0, 0, 0, 0),
(11, 'Simlex', 'Simlex@gmail.com', '0115265896', '123', 0x89504e470d0a1a0a0000000d494844520000029d000000af0806000000bff865b1000000097048597300000b1300000b1301009a9c1800000a4f6943435050686f746f73686f70204943432070726f66696c65000078da9d53675453e9163df7def4424b8880944b6f5215082052428b801491262a2109104a8821a1d91551c1114545041bc8a088038e8e808c15512c0c8a0ad807e421a28e83a3888acafbe17ba36bd6bcf7e6cdfeb5d73ee7acf39db3cf07c0080c9648335135800ca9421e11e083c7c4c6e1e42e40810a2470001008b3642173fd230100f87e3c3c2b22c007be000178d30b0800c04d9bc0301c87ff0fea42995c01808401c07491384b08801400407a8e42a600404601809d98265300a0040060cb6362e300502d0060277fe6d300809df8997b01005b94211501a09100201365884400683b00accf568a450058300014664bc43900d82d00304957664800b0b700c0ce100bb200080c00305188852900047b0060c8232378008499001446f2573cf12bae10e72a00007899b23cb9243945815b082d710757572e1e28ce49172b14366102619a402ec27999193281340fe0f3cc0000a0911511e083f3fd78ce0eaecece368eb60e5f2deabf06ff226262e3fee5cfab70400000e1747ed1fe2c2fb31a803b06806dfea225ee04685e0ba075f78b66b20f40b500a0e9da57f370f87e3c3c45a190b9d9d9e5e4e4d84ac4425b61ca577dfe67c25fc057fd6cf97e3cfcf7f5e0bee22481325d814704f8e0c2ccf44ca51ccf92098462dce68f47fcb70bfffc1dd322c44962b9582a14e35112718e449a8cf332a52289429229c525d2ff64e2df2cfb033edf3500b06a3e017b912da85d6303f64b27105874c0e2f70000f2bb6fc1d4280803806883e1cf77ffef3ffd47a02500806649927100005e44242e54cab33fc708000044a0812ab0411bf4c1182cc0061cc105dcc10bfc6036844224c4c24210420a64801c726029ac82422886cdb01d2a602fd4401d34c051688693700e2ec255b80e3d700ffa61089ec128bc81090441c808136121da8801628a58238e08179985f821c14804128b2420c9881451224b91354831528a542055481df23d720239875c46ba913bc8003282fc86bc47319481b2513dd40cb543b9a8371a8446a20bd06474319a8f16a09bd072b41a3d8c36a1e7d0ab680fda8f3e43c730c0e8180733c46c302ec6c342b1382c099363cbb122ac0cabc61ab056ac03bb89f563cfb17704128145c0093604774220611e4148584c584ed848a8201c243411da093709038451c2272293a84bb426ba11f9c4186232318758482c23d6128f132f107b8843c437241289433227b9900249b1a454d212d246d26e5223e92ca99b34481a2393c9da646bb20739942c202bc885e49de4c3e433e41be421f25b0a9d624071a4f853e22852ca6a4a19e510e534e5066598324155a39a52dda8a15411358f5a42ada1b652af5187a81334759a39cd8316494ba5ada295d31a681768f769afe874ba11dd951e4e97d057d2cbe947e897e803f4770c0d861583c7886728199b18071867197718af984ca619d38b19c754303731eb98e7990f996f55582ab62a7c1591ca0a954a9526951b2a2f54a9aaa6aadeaa0b55f355cb548fa95e537dae46553353e3a909d496ab55aa9d50eb531b5367a93ba887aa67a86f543fa47e59fd890659c34cc34f43a451a0b15fe3bcc6200b6319b3782c216b0dab86758135c426b1cdd97c762abb98fd1dbb8b3daaa9a13943334a3357b352f394663f07e39871f89c744e09e728a797f37e8ade14ef29e2291ba6344cb931655c6baa96979658ab48ab51ab47ebbd36aeeda79da6bd45bb59fb810e41c74a275c2747678fce059de753d953dda70aa7164d3d3af5ae2eaa6ba51ba1bb4477bf6ea7ee989ebe5e809e4c6fa7de79bde7fa1c7d2ffd54fd6dfaa7f5470c5806b30c2406db0cce183cc535716f3c1d2fc7dbf151435dc34043a561956197e18491b9d13ca3d5468d460f8c69c65ce324e36dc66dc6a326062621264b4dea4dee9a524db9a629a63b4c3b4cc7cdcccda2cdd699359b3d31d732e79be79bd79bdfb7605a785a2cb6a8b6b86549b2e45aa659eeb6bc6e855a3959a558555a5db346ad9dad25d6bbadbba711a7b94e934eab9ed667c3b0f1b6c9b6a9b719b0e5d806dbaeb66db67d6167621767b7c5aec3ee93bd937dba7d8dfd3d070d87d90eab1d5a1d7e73b472143a563ade9ace9cee3f7dc5f496e92f6758cf10cfd833e3b613cb29c4699d539bd347671767b97383f3888b894b82cb2e973e2e9b1bc6ddc8bde44a74f5715de17ad2f59d9bb39bc2eda8dbafee36ee69ee87dc9fcc349f299e593373d0c3c843e051e5d13f0b9f95306bdfac7e4f434f8167b5e7232f632f9157add7b0b7a577aaf761ef173ef63e729fe33ee33c37de32de595fcc37c0b7c8b7cb4fc36f9e5f85df437f23ff64ff7affd100a78025016703898141815b02fbf87a7c21bf8e3f3adb65f6b2d9ed418ca0b94115418f82ad82e5c1ad2168c8ec90ad21f7e798ce91ce690e85507ee8d6d00761e6618bc37e0c2785878557863f8e7088581ad131973577d1dc4373df44fa449644de9b67314f39af2d4a352a3eaa2e6a3cda37ba34ba3fc62e6659ccd5589d58496c4b1c392e2aae366e6cbedffcedf387e29de20be37b17982fc85d7079a1cec2f485a716a92e122c3a96404c884e3894f041102aa8168c25f21377258e0a79c21dc267222fd136d188d8435c2a1e4ef2482a4d7a92ec91bc357924c533a52ce5b98427a990bc4c0d4cdd9b3a9e169a76206d323d3abd31839291907142aa214d93b667ea67e66676cbac6585b2fec56e8bb72f1e9507c96bb390ac05592d0ab642a6e8545a28d72a07b267655766bfcd89ca3996ab9e2bcdedccb3cadb90379cef9fffed12c212e192b6a5864b572d1d58e6bdac6a39b23c7179db0ae315052b865606ac3cb88ab62a6dd54fabed5797ae7ebd267a4d6b815ec1ca82c1b5016beb0b550ae5857debdcd7ed5d4f582f59dfb561fa869d1b3e15898aae14db1797157fd828dc78e51b876fcabf99dc94b4a9abc4b964cf66d266e9e6de2d9e5b0e96aa97e6970e6e0dd9dab40ddf56b4edf5f645db2f97cd28dbbb83b643b9a3bf3cb8bc65a7c9cecd3b3f54a454f454fa5436eed2ddb561d7f86ed1ee1b7bbcf634ecd5db5bbcf7fd3ec9bedb5501554dd566d565fb49fbb3f73fae89aae9f896fb6d5dad4e6d71edc703d203fd07230eb6d7b9d4d51dd23d54528fd62beb470ec71fbefe9def772d0d360d558d9cc6e223704479e4e9f709dff71e0d3ada768c7bace107d31f761d671d2f6a429af29a469b539afb5b625bba4fcc3ed1d6eade7afc47db1f0f9c343c59794af354c969dae982d39367f2cf8c9d959d7d7e2ef9dc60dba2b67be763cedf6a0f6fefba1074e1d245ff8be73bbc3bce5cf2b874f2b2dbe51357b8579aaf3a5f6dea74ea3cfe93d34fc7bb9cbb9aaeb95c6bb9ee7abdb57b66f7e91b9e37ceddf4bd79f116ffd6d59e393dddbdf37a6ff7c5f7f5df16dd7e7227fdcecbbbd97727eeadbc4fbc5ff440ed41d943dd87d53f5bfedcd8efdc7f6ac077a0f3d1dc47f7068583cffe91f58f0f43058f998fcb860d86eb9e383e3939e23f72fde9fca743cf64cf269e17fea2fecbae17162f7ef8d5ebd7ced198d1a197f29793bf6d7ca5fdeac0eb19afdbc6c2c61ebec97833315ef456fbedc177dc771defa3df0f4fe47c207f28ff68f9b1f553d0a7fb93199393ff040398f3fc63332ddb000000206348524d00007a25000080830000f9ff000080e9000075300000ea6000003a980000176f925fc54600000a6b4944415478daecdd5d921b35140650a47265432c8a356551d9102fe209484192b13dddd2fd39a78a37326e5d5d495fb73d9eb1d6fa0d0000ee3495000000a1130000a1130000844e0000844e0000844e0000f8b48712e4f5e71fbf3ffbbf3ef3bd58e3991ff4e5eb37850700844e5e0a9a3ffbff87f2010057f2f6bac079c7bf0700103a054ec11300103a891314054f0040e8644b40143c0100a1932dc150f00400844e81130040e844b80500844e0000b8972f87cfcdd347a094effed2da9dfbdb3f7f00c35f59837d3ce944c805baed35cb7e0642270000422700dc6a157d2d103a95000000a1130000a1130000844eae34940000103a85400000a1130000a1939c46b1d70100844e0000103abb1ac97f3e002074d23c780a9c0080d0c9ad0151e00400844e6e0d8a02270070998712940e9e4bd80400844e22854f611300103af9bf2f5fbfbd1a3e01008ef0994e0000844e0000844e0000103a0100103a0100103a0100e0f36effcaa43ffff83dc2383ffa9ecaa35f29f4c2571f0100089dc183e5bbffd6775cd6bb09d9d153c3b8cedd8825ebb3cfce49c87eab7e331db4c7d6053f432f2174deb4b85e7d9d508bf1079bded535191b167fa400b46efc59a3c85a8934aeec87f1baf967b961ae6f6df89921fae83fe7ddaef37f3498ef5f8efbea33ff6181bdf5fa5d1af1cef1ae20d7b78af6ce6abe26ee0a7623c9bc84be6126d53918ad8f4eaca1d174ce2f1ff7c3224b7fd0ae4daf31025ff33bd7b78af6ceb226c2ef1be687acfd7c3a809edcdf46e3796f133a5792ebebd08c2717dd95d7b78af6ceb226c2ae8315ecfa854f41532f71c4b4d82ebbd6a59dc2cfeb2a588f15785cd644dc1a981f678a5e8abf96cbd5756a600dd2607cd17b6a159e8f55f07557b1f9113ead19bd146f6e4ad6725a6c165ef10d6125bef62a3db6f4a2eba5cdd971e718bc95bfcf2db59e4d1ad57884d02ad7eb5d0063157af44ce75eeaf09be4a7fbe1b61a4f0bceb848d333cb7a083f164faa506fbd44e0d0e93320a8fbc7d7becc8bb1194bb97ef10b38efa9fcb4b3ec53ce28a15300c246feeb9ef1d11363b296f48bf1d60f9ea5036784d0e9735ee0d0b7a68d53df1837c503e7e9d0e9375ac1c16b2cc6a8ef8d3f7450da349e16bde1ed75c001eca040af089e7d6dabe1b4f88c1dc0dea57682e7b1b19cec8fadb5f3a413701863bed04b67c6d26a4d4d8d56fbae02c01eae5e0d6ae36c4d50334f3a018732e64c9d04cffde368f3b6bad0d9689201103831e7a7b388d0297082cd1a7346955e1ad64f5c5391b7844d81131016d485fac17305ef8fa379c493cec2930b80c0095132c943b16fdb28044e78fdb0b66ecc1bb9cfbe28bd340e8eed57e3687d53f2b0e07ef8ffad4daf0940ad009ee9dcbbfaec8b78fe470c9ed17be236d5df5e1f9ff87723f3c4026df7afce618bcff54d84df41a8feaee368f29a3ff4b03e2fbd4b1238812b0f8421e009de07ce9fa1d72eeb09b940e8bc25786aac1e4f079671d9a40f8784a86f873a606b04ce77cebfe8bd14ed6df69dd7136a4dfaedf56b26cd469b7b6e47d6057cf1b8f471ccb9316ff155fe0a9c5168dd75bb9e7073376d049fdadc6df83d37a1e8f33e0efd5bcef58d79b387550b2f95deda5f857b43e8bc79b287b069b30ebca8ab8e4bbfe598379f01ac1b2a869aa9a9d0f9fc466833e48e853e8c8b40b5346f3d82b679ce57bba53ffa7da67309a0361ce3a2f8bce8053d55e5b557b11aae0dd7127afd77fe45a2f583ffb0593be47b3d11100ecc1ff63b352d1a3aa3175600c586459539d117f502b63975539dba3f7c4fe7c78d6191db609efdf9ab68dddc840906f40cb91dd6ea2a722d29f61ddfd3f9dc22f7f41301878cf3a13f10b4f38ca9fc9fdf163adf0ba0008270afa080f5618d240c9d15eebc3dfdb4a9a81fea04d6eee96b49b5ef78d2795d0005a0d7de0f277b28dd8deea9d039340fee9631f7ae0f9aaf91d569bd7ad2797df3089f002078de792d2983e934b9dbee5c0000c1f3b399216d7ef2a453f004007204e0d40fec66c082560b9ec227f43b185c2758d3afe685f2eb76369ddc28cd0400089ecf6485f47969369e5cc1130010829b85ce2ec11300e0d51c54e2c1d54c54f00a3ced0400e7f53bd7913e4344fced75c11300e8e4d9ec933a43cce4c50700b8d2721dbd42e7dfc173686800a0f0f93c125c63f9d0f9ee6400b88974b30b99d7c8aab89eb3fc45a28a4f3d1d0000f0f1f9df6d7c65f3c14c38399e7c020057caf0b67afa709af56faf0b9f40f7030b2adb79ce677a5b3df5def328d0949937fd253c034271daf3475def39cf8db7689678149d401b0100420a996ec8ca67975978717eff1f40d70323e367d5a0f29a1d85c622747e104201ba054f20f65a5d05c7d436740aa08083157349840cd2d634f9c227201c204058a325ae27f4fe330316fefbff3a6c1c0e2870a8d95b30a7f56b38baf7c90cde083bc3a73b56a0cac6dfe1602566cf0bc6afad8b55700f081f3aa3fc8d519b25907de377e8d70ed92b689faf04e173b91ea173991c40f07488916e9e3f0a97be03f3cc8d49d8fd60266b021b2a903524ac0daf715ad7778bc6a19eca707efb7cf3d96b0a35f699b0e03e3302640e9f19032d7dfae98ed7eddc9f3eb617207446fd12541b37b063ff5b817e8ec335f7f877f6c1675e2b4b40ae784d616af0485eec75e162aff4e7b0801ce1f39d7dc0cd313feb8be87f5ef1ae6b8cba564683fe081d3a777c35c048d69400d9f72137cfffd621ca57658da0fdb89af7cbe9fe385afb47c142af5f6c860226001dc3cd287cd313714c6ec40e86ced5b8f1002a73b8febf1e3e47f8f1b58c26638dd61f479f76ce668d0e0008c19d6fc48ed57eea7b8d09600f539722e127c3dbea6dfb43e80400c1b342f0f4ce6af05a099d00085508517bd7c4e85833a1d3860d60ff52278475a11300044fa204a70be7b95d6f089d362100fb979a099c7d7b635b0da7c50680fd5ced683db75b82a7279d9a13c0dea586196bb2d42097a9a01a0bc0dea5960267fbf9bcbda6d3c40060ef565381f3e83c46e9895b6b3b2d346307b06fa9adb17377f09c9acd9801ebdcbea5c649c65cf96df5f2fd302d346305ac77fbd6d15a0feb2355e0ece0965acfc4cd67e306ac7b0148dfe8ab4a73557afd4d8d685c8083c39ee5ec08de57ab591f447079cda7021b0bd07a2f70936c4e8cc119bfc5d4a0ae1f687b40d9b3cc8fb3d0dcb70c9d991b763479ddd1f49af59d71551b8f60902fc48d24d72908f2538f0493bb341f50e4b05a01ae2143ad969aa43917fde67d8db5d03e74465d6423607d56b231ef98d351783e4e8c6fd73aecf2a4641d78cd6c75d26bcf5dfb3afcfa1d02d828be16b68dfb917491ed5c686137a62f5fbfa5db3cbfbbe6ca01c35bfa9c0c9fa9e728e3bed6e46c1c01fa6298e3dc1ec526619958a05160b067f14a4f2cfd44e9d0f99f275bee0600ec61e96d3edbf417254c25000040e8040040e8040000a1130000a1130000a1130000844e0000844e0000103a0100103a0100103a010040e8040040e8040040e8040000a1130000a1130000844e0000844e0000844e0000103a0100103a0100103a01b21a4a002074020020740294308abe1680d009d030780a9c00cf6c966b2d550000e0569e740200207402002074020080d0090080d0090080d00900004227000042270000089d00006cf017000000ffff030051645280426f0dda0000000049454e44ae426082, 2, 5, 12, 0, 0, 0, 0);
INSERT INTO `users` (`id`, `com_name`, `com_email`, `com_contact`, `com_password`, `com_logo`, `type`, `kg`, `km`, `ufast`, `fast`, `reg`, `slow`) VALUES
(12, 'DHL', 'DHL@gmail.com', '09646163', '123', 0xffd8ffe000104a46494600010101006000600000fffe003b43524541544f523a2067642d6a7065672076312e3020287573696e6720494a47204a50454720763632292c207175616c697479203d2038350affdb0043000503040404030504040405050506070c08070707070f0b0b090c110f1212110f111113161c1713141a1511111821181a1d1d1f1f1f13172224221e241c1e1f1effdb0043010505050706070e08080e1e1411141e1e1e1e1e1e1e1e1e1e1e1e1e1e1e1e1e1e1e1e1e1e1e1e1e1e1e1e1e1e1e1e1e1e1e1e1e1e1e1e1e1e1e1e1e1e1e1e1e1effc00011080258033403012200021101031101ffc4001f0000010501010101010100000000000000000102030405060708090a0bffc400b5100002010303020403050504040000017d01020300041105122131410613516107227114328191a1082342b1c11552d1f02433627282090a161718191a25262728292a3435363738393a434445464748494a535455565758595a636465666768696a737475767778797a838485868788898a92939495969798999aa2a3a4a5a6a7a8a9aab2b3b4b5b6b7b8b9bac2c3c4c5c6c7c8c9cad2d3d4d5d6d7d8d9dae1e2e3e4e5e6e7e8e9eaf1f2f3f4f5f6f7f8f9faffc4001f0100030101010101010101010000000000000102030405060708090a0bffc400b51100020102040403040705040400010277000102031104052131061241510761711322328108144291a1b1c109233352f0156272d10a162434e125f11718191a262728292a35363738393a434445464748494a535455565758595a636465666768696a737475767778797a82838485868788898a92939495969798999aa2a3a4a5a6a7a8a9aab2b3b4b5b6b7b8b9bac2c3c4c5c6c7c8c9cad2d3d4d5d6d7d8d9dae2e3e4e5e6e7e8e9eaf2f3f4f5f6f7f8f9faffda000c03010002110311003f00faca8a28a00b9a67fcb4fc3fad5daa5a67fcb4fc3fad5da002b1ab66b1a800ab9a67fcb4fc3fad53ab9a67fcb4fc3fad005da28a28031a8a28a00b9a67fcb4fc3fad5daa5a67fcb4fc3fad5da002b1ab66b1a800ab9a67fcb4fc3fad53ab9a67fcb4fc3fad005da28a28031a8a28a00b9a67fcb4fc3fad5daa5a67fcb4fc3fad5da002b1ab66b1a800ab9a67fcb4fc3fad53ab9a67fcb4fc3fad005da28a28031a8a28a00b9a67fcb4fc3fad5daa5a67fcb4fc3fad5da002b1ab66b1a800ab9a67fcb4fc3fad53ab9a67fcb4fc3fad005da28a28031a8a28a00b9a67fcb4fc3fad5daa5a67fcb4fc3fad5da002b1ab66b1a800ab9a67fcb4fc3fad53ab9a67fcb4fc3fad005da28a28031a8a28a00b9a67fcb4fc3fad5daa5a67fcb4fc3fad5da002b1ab66b1a800ab9a67fcb4fc3fad53ab9a67fcb4fc3fad005da28a28031a8a28a00b9a67fcb4fc3fad5daa5a67fcb4fc3fad5da002b1ab66b1a800ab9a67fcb4fc3fad53ab9a67fcb4fc3fad005da28a28031a8a28a00b9a67fcb4fc3fad5daa5a67fcb4fc3fad5da002b1ab66b1a800ab9a67fcb4fc3fad53ab9a67fcb4fc3fad005da28a28031a8a28a00b9a67fcb4fc3fad5daa5a67fcb4fc3fad5da002b1ab66b1a800ab9a67fcb4fc3fad53ab9a67fcb4fc3fad005da28a28031a8a28a00b9a67fcb4fc3fad5daa5a67fcb4fc3fad5da002b1ab66b1a800ab9a67fcb4fc3fad53ab9a67fcb4fc3fad005da28a28031a8a28a0028a28a00b9f60ff00a6bff8efff005e8fb07fd35ffc77ff00af5768a00a5ff1e5ff004d37fe18c7ff00ae8fb7ff00d32ffc7bff00ad46a7ff002cff001fe954e802e7dbff00e997fe3dff00d6a3ec1ff4d7ff001dff00ebd53ad9a00a5f60ff00a6bff8efff005e8ff8f2ff00a69bff000c63ff00d7576a96a7ff002cff001fe94007dbff00e997fe3dff00d6a3edff00f4cbff001eff00eb553a2802e7d83fe9affe3bff00d7a3ec1ff4d7ff001dff00ebd5da280297fc797fd34dff008631ff00eba3edff00f4cbff001eff00eb51a9ff00cb3fc7fa553a00b9f6ff00fa65ff008f7ff5a8fb07fd35ff00c77ffaf54eb6680297d83fe9affe3bff00d7a3fe3cbfe9a6ff00c318ff00f5d5daa5a9ff00cb3fc7fa5001f6ff00fa65ff008f7ff5a8fb7ffd32ff00c7bffad54e8a00b9f60ffa6bff008eff00f5e8fb07fd35ff00c77ffaf5768a00a5ff001e5ff4d37fe18c7ffae8fb7ffd32ff00c7bffad46a7ff2cff1fe954e802e7dbffe997fe3dffd6a3ec1ff004d7ff1dffebd53ad9a00a5f60ffa6bff008eff00f5e8ff008f2ffa69bff0c63ffd7576a96a7ff2cff1fe94007dbffe997fe3dffd6a3edfff004cbff1effeb553a2802e7d83fe9aff00e3bffd7a3ec1ff004d7ff1dffebd5da280297fc797fd34dff8631ffeba3edfff004cbff1effeb51a9ffcb3fc7fa553a00b9f6fff00a65ff8f7ff005a8fb07fd35ffc77ff00af54eb6680297d83fe9aff00e3bffd7a3fe3cbfe9a6ffc318fff005d5daa5a9ffcb3fc7fa5001f6fff00a65ff8f7ff005a8fb7ff00d32ffc7bff00ad54e8a00b9f60ff00a6bff8efff005e8fb07fd35ffc77ff00af5768a00a5ff1e5ff004d37fe18c7ff00ae8fb7ff00d32ffc7bff00ad46a7ff002cff001fe954e802e7dbff00e997fe3dff00d6a3ec1ff4d7ff001dff00ebd53ad9a00a5f60ff00a6bff8efff005e8ff8f2ff00a69bff000c63ff00d7576a96a7ff002cff001fe94007dbff00e997fe3dff00d6a3edff00f4cbff001eff00eb553a2802e7d83fe9affe3bff00d7a3ec1ff4d7ff001dff00ebd5da280297fc797fd34dff008631ff00eba3edff00f4cbff001eff00eb51a9ff00cb3fc7fa553a00b9f6ff00fa65ff008f7ff5a8fb07fd35ff00c77ffaf54eb6680297d83fe9affe3bff00d7a3fe3cbfe9a6ff00c318ff00f5d5daa5a9ff00cb3fc7fa5001f6ff00fa65ff008f7ff5a8fb7ffd32ff00c7bffad54e8a00b9f60ffa6bff008eff00f5e8fb07fd35ff00c77ffaf5768a00a5ff001e5ff4d37fe18c7ffae8fb7ffd32ff00c7bffad46a7ff2cff1fe954e802e7dbffe997fe3dffd6a3ec1ff004d7ff1dffebd53ad9a00a5f60ffa6bff008eff00f5e8ff008f2ffa69bff0c63ffd7576a96a7ff2cff1fe94007dbffe997fe3dffd6a3edfff004cbff1effeb553a2802e7d83fe9aff00e3bffd7a3ec1ff004d7ff1dffebd5da280297fc797fd34dff8631ffeba3edfff004cbff1effeb51a9ffcb3fc7fa553a00b9f6fff00a65ff8f7ff005a8fb07fd35ffc77ff00af54eb6680297d83fe9aff00e3bffd7a3fe3cbfe9a6ffc318fff005d5daa5a9ffcb3fc7fa5001f6fff00a65ff8f7ff005a8fb7ff00d32ffc7bff00ad54e8a00b9f60ff00a6bff8efff005e8fb07fd35ffc77ff00af5768a00a5ff1e5ff004d37fe18c7ff00ae8fb7ff00d32ffc7bff00ad46a7ff002cff001fe954e802e7dbff00e997fe3dff00d6a3ec1ff4d7ff001dff00ebd53ad9a00a5f60ff00a6bff8efff005e8ff8f2ff00a69bff000c63ff00d7576a96a7ff002cff001fe94007dbff00e997fe3dff00d6a3edff00f4cbff001eff00eb553a2802e7d83fe9affe3bff00d7a3ec1ff4d7ff001dff00ebd5da280297fc797fd34dff008631ff00eba3edff00f4cbff001eff00eb51a9ff00cb3fc7fa553a00b9f6ff00fa65ff008f7ff5a8fb07fd35ff00c77ffaf54eb6680297d83fe9affe3bff00d7a3fe3cbfe9a6ff00c318ff00f5d5daa5a9ff00cb3fc7fa5001f6ff00fa65ff008f7ff5a8fb7ffd32ff00c7bffad54e8a00b9f60ffa6bff008eff00f5e8fb07fd35ff00c77ffaf5768a00a5f60ffa6bff008eff00f5e8abb450014563514017353ff967f8ff004aa75734cff969f87f5abb4018d5b345635006cd52d4ff00e59fe3fd2a9d5cd33fe5a7e1fd68029d15b3450014563514017353ff00967f8ff4aa75734cff00969f87f5abb4018d5b345635006cd52d4ffe59fe3fd2a9d5cd33fe5a7e1fd68029d15b3450014563514017353ff967f8ff004aa75734cff969f87f5abb4018d5b345635006cd52d4ff00e59fe3fd2a9d5cd33fe5a7e1fd68029d15b3450014563514017353ff00967f8ff4aa75734cff00969f87f5abb4018d5b345635006cd52d4ffe59fe3fd2a9d5cd33fe5a7e1fd68029d15b3450014563514017353ff967f8ff004aa75734cff969f87f5abb4018d5b345635006cd52d4ff00e59fe3fd2a9d5cd33fe5a7e1fd68029d15b3450014563514017353ff00967f8ff4aa75734cff00969f87f5abb4018d5b345635006cd52d4ffe59fe3fd2a9d5cd33fe5a7e1fd68029d15b3450014563514017353ff967f8ff004aa75734cff969f87f5abb4018d5b345635006cd52d4ff00e59fe3fd2a9d5cd33fe5a7e1fd68029d15b3450014563514017353ff00967f8ff4aa75734cff00969f87f5abb4018d5b345635006cd52d4ffe59fe3fd2a9d5cd33fe5a7e1fd68029d15b3450014563514017353ff967f8ff004aa75734cff969f87f5abb4018d5b345635006cd52d4ff00e59fe3fd2a9d5cd33fe5a7e1fd68029d15b3450014563514017353ff00967f8ff4aa75734cff00969f87f5abb4018d5b345635006cd52d4ffe59fe3fd2a9d5cd33fe5a7e1fd68029d15b345001456351401b345635140051573ec1ff004d7ff1dffebd1f60ff00a6bff8efff005e800d33fe5a7e1fd6aed52ff8f2ff00a69bff000c63ff00d747dbff00e997fe3dff00d6a00bb58d573edfff004cbff1effeb51f60ff00a6bff8efff005e8029d5cd33fe5a7e1fd68fb07fd35ffc77ff00af47fc797fd34dff008631ff00eba00bb4552fb7ff00d32ffc7bff00ad47dbff00e997fe3dff00d6a00a7455cfb07fd35ffc77ff00af47d83fe9affe3bff00d7a0034cff00969f87f5abb54bfe3cbfe9a6ff00c318ff00f5d1f6ff00fa65ff008f7ff5a802ed6355cfb7ff00d32ffc7bff00ad47d83fe9affe3bff00d7a00a75734cff00969f87f5a3ec1ff4d7ff001dff00ebd1ff001e5ff4d37fe18c7ffae802ed154bedff00f4cbff001eff00eb51f6ff00fa65ff008f7ff5a8029d1573ec1ff4d7ff001dff00ebd1f60ffa6bff008eff00f5e800d33fe5a7e1fd6aed52ff008f2ffa69bff0c63ffd747dbffe997fe3dffd6a00bb58d573edff00f4cbff001eff00eb51f60ffa6bff008eff00f5e8029d5cd33fe5a7e1fd68fb07fd35ff00c77ffaf47fc797fd34dff8631ffeba00bb4552fb7ffd32ff00c7bffad47dbffe997fe3dffd6a00a7455cfb07fd35ff00c77ffaf47d83fe9aff00e3bffd7a0034cff969f87f5abb54bfe3cbfe9a6ffc318fff005d1f6fff00a65ff8f7ff005a802ed6355cfb7ffd32ff00c7bffad47d83fe9aff00e3bffd7a00a75734cff969f87f5a3ec1ff004d7ff1dffebd1ff1e5ff004d37fe18c7ff00ae802ed154bedfff004cbff1effeb51f6fff00a65ff8f7ff005a8029d1573ec1ff004d7ff1dffebd1f60ff00a6bff8efff005e800d33fe5a7e1fd6aed52ff8f2ff00a69bff000c63ff00d747dbff00e997fe3dff00d6a00bb58d573edfff004cbff1effeb51f60ff00a6bff8efff005e8029d5cd33fe5a7e1fd68fb07fd35ffc77ff00af47fc797fd34dff008631ff00eba00bb4552fb7ff00d32ffc7bff00ad47dbff00e997fe3dff00d6a00a7455cfb07fd35ffc77ff00af47d83fe9affe3bff00d7a0034cff00969f87f5abb54bfe3cbfe9a6ff00c318ff00f5d1f6ff00fa65ff008f7ff5a802ed6355cfb7ff00d32ffc7bff00ad47d83fe9affe3bff00d7a00a75734cff00969f87f5a3ec1ff4d7ff001dff00ebd1ff001e5ff4d37fe18c7ffae802ed154bedff00f4cbff001eff00eb51f6ff00fa65ff008f7ff5a8029d1573ec1ff4d7ff001dff00ebd1f60ffa6bff008eff00f5e800d33fe5a7e1fd6aed52ff008f2ffa69bff0c63ffd747dbffe997fe3dffd6a00bb58d573edff00f4cbff001eff00eb51f60ffa6bff008eff00f5e8029d5cd33fe5a7e1fd68fb07fd35ff00c77ffaf47fc797fd34dff8631ffeba00bb4552fb7ffd32ff00c7bffad47dbffe997fe3dffd6a00a7455cfb07fd35ff00c77ffaf47d83fe9aff00e3bffd7a0034cff969f87f5abb54bfe3cbfe9a6ffc318fff005d1f6fff00a65ff8f7ff005a802ed6355cfb7ffd32ff00c7bffad47d83fe9aff00e3bffd7a00a75734cff969f87f5a3ec1ff004d7ff1dffebd1ff1e5ff004d37fe18c7ff00ae802ed154bedfff004cbff1effeb51f6fff00a65ff8f7ff005a8029d1573ec1ff004d7ff1dffebd1f60ff00a6bff8efff005e800d33fe5a7e1fd6aed52ff8f2ff00a69bff000c63ff00d747dbff00e997fe3dff00d6a00bb58d573edfff004cbff1effeb51f60ff00a6bff8efff005e8029d5cd33fe5a7e1fd68fb07fd35ffc77ff00af47fc797fd34dff008631ff00eba00bb4552fb7ff00d32ffc7bff00ad47dbff00e997fe3dff00d6a00a7455cfb07fd35ffc77ff00af47d83fe9affe3bff00d7a0034cff00969f87f5abb54bfe3cbfe9a6ff00c318ff00f5d1f6ff00fa65ff008f7ff5a802ed6355cfb7ff00d32ffc7bff00ad47d83fe9affe3bff00d7a00a75734cff00969f87f5a3ec1ff4d7ff001dff00ebd1ff001e5ff4d37fe18c7ffae802ed154bedff00f4cbff001eff00eb51f6ff00fa65ff008f7ff5a8029d1573ec1ff4d7ff001dff00ebd1f60ffa6bff008eff00f5e8029d1573ec1ff4d7ff001dff00ebd1401768a28a00a5a9ff00cb3fc7fa553ab9a9ff00cb3fc7fa553a002b66b1ab66800aa5a9ff00cb3fc7fa55daa5a9ff00cb3fc7fa50053a28a2803668a28a00a5a9ff00cb3fc7fa553ab9a9ff00cb3fc7fa553a002b66b1ab66800aa5a9ff00cb3fc7fa55daa5a9ff00cb3fc7fa50053a28a2803668a28a00a5a9ff00cb3fc7fa553ab9a9ff00cb3fc7fa553a002b66b1ab66800aa5a9ff00cb3fc7fa55daa5a9ff00cb3fc7fa50053a28a2803668a28a00a5a9ff00cb3fc7fa553ab9a9ff00cb3fc7fa553a002b66b1ab66800aa5a9ff00cb3fc7fa55daa5a9ff00cb3fc7fa50053a28a2803668a28a00a5a9ff00cb3fc7fa553ab9a9ff00cb3fc7fa553a002b66b1ab66800aa5a9ff00cb3fc7fa55daa5a9ff00cb3fc7fa50053a28a2803668a28a00a5a9ff00cb3fc7fa553ab9a9ff00cb3fc7fa553a002b66b1ab66800aa5a9ff00cb3fc7fa55daa5a9ff00cb3fc7fa50053a28a2803668a28a00a5a9ff00cb3fc7fa553ab9a9ff00cb3fc7fa553a002b66b1ab66800aa5a9ff00cb3fc7fa55daa5a9ff00cb3fc7fa50053a28a2803668a28a00a5a9ff00cb3fc7fa553ab9a9ff00cb3fc7fa553a002b66b1ab66800aa5a9ff00cb3fc7fa55daa5a9ff00cb3fc7fa50053a28a2803668a28a00a5a9ff00cb3fc7fa553ab9a9ff00cb3fc7fa553a002b66b1ab66800aa5a9ff00cb3fc7fa55daa5a9ff00cb3fc7fa50053a28a2803668a28a00a5a9ff00cb3fc7fa553ab9a9ff00cb3fc7fa553a002b66b1ab66800aa5a9ff00cb3fc7fa55daa5a9ff00cb3fc7fa50053a28a2803668a28a0028a28a00c6a28a2802e699ff002d3f0feb576a9699ff002d3f0feb576800ac6ad9ac6a002ae699ff002d3f0feb54eae699ff002d3f0feb401768a28a00c6a28a2802e699ff002d3f0feb576a9699ff002d3f0feb576800ac6ad9ac6a002ae699ff002d3f0feb54eae699ff002d3f0feb401768a28a00c6a28a2802e699ff002d3f0feb576a9699ff002d3f0feb576800ac6ad9ac6a002ae699ff002d3f0feb54eae699ff002d3f0feb401768a28a00c6a28a2802e699ff002d3f0feb576a9699ff002d3f0feb576800ac6ad9ac6a002ae699ff002d3f0feb54eae699ff002d3f0feb401768a28a00c6a28a2802e699ff002d3f0feb576a9699ff002d3f0feb576800ac6ad9ac6a002ae699ff002d3f0feb54eae699ff002d3f0feb401768a28a00c6a28a2802e699ff002d3f0feb576a9699ff002d3f0feb576800ac6ad9ac6a002ae699ff002d3f0feb54eae699ff002d3f0feb401768a28a00c6a28a2802e699ff002d3f0feb576a9699ff002d3f0feb576800ac6ad9ac6a002ae699ff002d3f0feb54eae699ff002d3f0feb401768a28a00c6a28a2802e699ff002d3f0feb576a9699ff002d3f0feb576800ac6ad9ac6a002ae699ff002d3f0feb54eae699ff002d3f0feb401768a28a00c6a28a2802e699ff002d3f0feb576a9699ff002d3f0feb576800ac6ad9ac6a002ae699ff002d3f0feb54eae699ff002d3f0feb401768a28a00c6a28a2802e699ff002d3f0feb576a9699ff002d3f0feb576800ac6ad9ac6a002ae699ff002d3f0feb54eae699ff002d3f0feb401768a28a00c6a28a2800a28a2802e7d83fe9affe3bff00d7a3ec1ff4d7ff001dff00ebd5da280297fc797fd34dff008631ff00eba3edff00f4cbff001eff00eb51a9ff00cb3fc7fa553a00b9f6ff00fa65ff008f7ff5a8fb07fd35ff00c77ffaf54eb6680297d83fe9affe3bff00d7a3fe3cbfe9a6ff00c318ff00f5d5daa5a9ff00cb3fc7fa5001f6ff00fa65ff008f7ff5a8fb7ffd32ff00c7bffad54e8a00b9f60ffa6bff008eff00f5e8fb07fd35ff00c77ffaf5768a00a5ff001e5ff4d37fe18c7ffae8fb7ffd32ff00c7bffad46a7ff2cff1fe95997d731d9dabdc4a18a26321473c9c7f5aceb55851a72a951da314db7d92dca8c5c9a8add9a7f6ff00fa65ff008f7ff5a8fb07fd35ff00c77ffaf5ccff00c24963ff003cae7fef95ff001ad0ff0084c74cff009e179ff7c2ff00f155e17fad7937fd0444ebfecec4ff002335bec1ff004d7ff1dffebd1ff1e5ff004d37fe18c7ff00aeb27fe131d33fe785e7fdf0bffc5557bcf15e9d36cdb0dd0c67aaafff001547fad7937fd04443fb3b13fc8cdefb7ffd32ff00c7bffad47dbffe997fe3dffd6ae67fe124b1ff009e573ff7caff008d1ff09258ff00cf2b9ffbe57fc68ff5af26ff00a08887f67627f919d37d83fe9aff00e3bffd7a3ec1ff004d7ff1dffebd64ff00c263a67fcf0bcffbe17ff8aa3fe131d33fe785e7fdf0bffc551feb5e4dff0041110fecec4ff2335bfe3cbfe9a6ff00c318ff00f5d1f6ff00fa65ff008f7ff5ab06f3c57a74db36c374319eaabffc5557ff008492c7fe795cff00df2bfe347fad7937fd04443fb3b13fc8ce9bedff00f4cbff001eff00eb51f60ffa6bff008eff00f5eb99ff008492c7fe795cff00df2bfe35a1ff00098e99ff003c2f3fef85ff00e2a8ff005af26ffa08887f67627f919adf60ff00a6bff8efff005e8ff8f2ff00a69bff000c63ff00d7593ff098e99ff3c2f3fef85ffe2aabde78af4e9b66d86e8633d557ff008aa3fd6bc9bfe82221fd9d89fe466f7dbffe997fe3dffd6a3edfff004cbff1effeb5733ff09258ff00cf2b9ffbe57fc68ff8492c7fe795cffdf2bfe347fad7937fd04443fb3b13fc8ce9bec1ff004d7ff1dffebd1f60ff00a6bff8efff005eb27fe131d33fe785e7fdf0bffc551ff098e99ff3c2f3fef85ffe2a8ff5af26ff00a08887f67627f919adff001e5ff4d37fe18c7ffae8fb7ffd32ff00c7bffad58379e2bd3a6d9b61ba18cf555ffe2aabff00c24963ff003cae7fef95ff001a3fd6bc9bfe82221fd9d89fe4674df6ff00fa65ff008f7ff5a8fb07fd35ff00c77ffaf5ccff00c24963ff003cae7fef95ff001ad0ff0084c74cff009e179ff7c2ff00f1547fad7937fd04443fb3b13fc8cd6fb07fd35ffc77ff00af47fc797fd34dff008631ff00ebac9ff84c74cff9e179ff007c2fff001555ef3c57a74db36c374319eaabff00c551feb5e4dff41110fecec4ff002337bedfff004cbff1effeb51f6fff00a65ff8f7ff005ab99ff8492c7fe795cffdf2bfe347fc24963ff3cae7fef95ff1a3fd6bc9bfe82221fd9d89fe4674df60ff00a6bff8efff005e8fb07fd35ffc77ff00af593ff098e99ff3c2f3fef85ffe2a8ff84c74cff9e179ff007c2fff001547fad7937fd04443fb3b13fc8cd6ff008f2ffa69bff0c63ffd747dbffe997fe3dffd6ac1bcf15e9d36cdb0dd0c67aaafff001555ff00e124b1ff009e573ff7caff008d1feb5e4dff0041110fecec4ff233a6fb7ffd32ff00c7bffad47d83fe9aff00e3bffd7ae67fe124b1ff009e573ff7caff008d687fc263a67fcf0bcffbe17ff8aa3fd6bc9bfe82221fd9d89fe466b7d83fe9affe3bff00d7a3fe3cbfe9a6ff00c318ff00f5d64ffc263a67fcf0bcff00be17ff008aaaf79e2bd3a6d9b61ba18cf555ff00e2a8ff005af26ffa08887f67627f919bdf6fff00a65ff8f7ff005a8fb7ff00d32ffc7bff00ad5ccffc24963ff3cae7fef95ff1a3fe124b1ff9e573ff007caff8d1feb5e4dff41110fecec4ff00233a6fb07fd35ffc77ff00af47d83fe9affe3bff00d7ac9ff84c74cff9e179ff007c2fff001547fc263a67fcf0bcff00be17ff008aa3fd6bc9bfe82221fd9d89fe466b7fc797fd34dff8631ffeba3edfff004cbff1effeb560de78af4e9b66d86e8633d557ff008aaaff00f09258ff00cf2b9ffbe57fc68ff5af26ff00a08887f67627f919d37dbffe997fe3dffd6a3ec1ff004d7ff1dffebd733ff09258ff00cf2b9ffbe57fc6b43fe131d33fe785e7fdf0bffc551feb5e4dff0041110fecec4ff2335bec1ff4d7ff001dff00ebd1ff001e5ff4d37fe18c7ffaeb27fe131d33fe785e7fdf0bff00c5557bcf15e9d36cdb0dd0c67aaaff00f1547fad7937fd04443fb3b13fc8cdefb7ff00d32ffc7bff00ad47dbff00e997fe3dff00d6ae67fe124b1ff9e573ff007caff8d1ff0009258ffcf2b9ff00be57fc68ff005af26ffa08887f67627f919d37d83fe9affe3bff00d7a3ec1ff4d7ff001dff00ebd64ffc263a67fcf0bcff00be17ff008aa3fe131d33fe785e7fdf0bff00c551feb5e4dff41110fecec4ff002335bfe3cbfe9a6ffc318fff005d1f6fff00a65ff8f7ff005ab06f3c57a74db36c374319eaabff00c5557ff8492c7fe795cffdf2bfe347fad7937fd04443fb3b13fc8ce9bedfff004cbff1effeb51f60ff00a6bff8efff005eb99ff8492c7fe795cffdf2bfe35a1ff098e99ff3c2f3fef85ffe2a8ff5af26ff00a08887f67627f919adf60ffa6bff008eff00f5e8ff008f2ffa69bff0c63ffd7593ff00098e99ff003c2f3fef85ff00e2aabde78af4e9b66d86e8633d557ff8aa3fd6bc9bfe82221fd9d89fe466f7dbff00e997fe3dff00d6a3edff00f4cbff001eff00eb5733ff0009258ffcf2b9ff00be57fc68ff008492c7fe795cff00df2bfe347fad7937fd04443fb3b13fc8ce9bec1ff4d7ff001dff00ebd1f60ffa6bff008eff00f5eb27fe131d33fe785e7fdf0bff00c551ff00098e99ff003c2f3fef85ff00e2a8ff005af26ffa08887f67627f919adff1e5ff004d37fe18c7ff00ae8fb7ff00d32ffc7bff00ad58379e2bd3a6d9b61ba18cf555ff00e2aabffc24963ff3cae7fef95ff1a3fd6bc9bfe82221fd9d89fe4674df6fff00a65ff8f7ff005a8fb07fd35ffc77ff00af5ccffc24963ff3cae7fef95ff1ad0ff84c74cff9e179ff007c2fff001547fad7937fd04443fb3b13fc8cd6fb07fd35ff00c77ffaf47fc797fd34dff8631ffebac9ff0084c74cff009e179ff7c2ff00f1555ef3c57a74db36c374319eaabffc551feb5e4dff0041110fecec4ff2337bedff00f4cbff001eff00eb51f6ff00fa65ff008f7ff5ab99ff008492c7fe795cff00df2bfe347fc24963ff003cae7fef95ff001a3fd6bc9bfe82221fd9d89fe4674df60ffa6bff008eff00f5e8fb07fd35ff00c77ffaf593ff00098e99ff003c2f3fef85ff00e2a8ff0084c74cff009e179ff7c2ff00f1547fad7937fd04443fb3b13fc8cd6ff8f2ff00a69bff000c63ff00d747dbff00e997fe3dff00d6ac1bcf15e9d36cdb0dd0c67aaaff00f1555ffe124b1ff9e573ff007caff8d1feb5e4dff41110fecec4ff00233a6fb7ff00d32ffc7bff00ad47d83fe9affe3bff00d7ae67fe124b1ff9e573ff007caff8d687fc263a67fcf0bcff00be17ff008aa3fd6bc9bfe82221fd9d89fe466b7d83fe9aff00e3bffd7a3fe3cbfe9a6ffc318fff005d64ff00c263a67fcf0bcffbe17ff8aaaf79e2bd3a6d9b61ba18cf555ffe2a8ff5af26ff00a08887f67627f919bdf6ff00fa65ff008f7ff5a8fb7ffd32ff00c7bffad5cfd8eb769777496f1c73077ce0b28c7033ebed5a95eae0730c363e9ba9869a9453b5d77fe99cf568d4a2f966accb9f60ff00a6bff8efff005e8fb07fd35ffc77ff00af5768aec32297fc797fd34dff008631ff00eba3edff00f4cbff001eff00eb51a9ff00cb3fc7fa553a00b9f6ff00fa65ff008f7ff5a8fb07fd35ff00c77ffaf54eb6680297d83fe9affe3bff00d7a3fe3cbfe9a6ff00c318ff00f5d5daa5a9ff00cb3fc7fa5001f6ff00fa65ff008f7ff5a8fb7ffd32ff00c7bffad54e8a00b9f60ffa6bff008eff00f5e8fb07fd35ff00c77ffaf5768a00a5f60ffa6bff008eff00f5e8abb450014563514017353ff967f8ff004aa75734cff969f87f5abb4018d5b345635006cd52d4ff00e59fe3fd2a9d5cd33fe5a7e1fd68029d15b3450014563514017353ff00967f8ff4ac1f12ff00c812e3fe03ff00a10aded33fe5a7e1fd6aaf8cbfe45bbbff00807fe86b5e4e7dff0022bc4ffd7b9ffe92ce8c1ffbc53f55f99e71451457f329f7614514500145145001451450014514500145145001451450014514500145145001451450014514500145145001451450014514500145145001451450014514500145145001451450014514500145145001451450014514500145145001451450014514500145145001451450014514500145145001451450014514500145145001451450014514500145145001451450068f86bfe4376fff0002ff00d04d7695c8f837fe464b4ff81ffe80d5e8f5fb7786bff22aa9ff005f1ffe9313e573cff785e9fab0a2b1a8afd08f18b9a9ff00cb3fc7fa553ab9a67fcb4fc3fad5da00c6ad9a2b1a80366a96a7ff002cff001fe954eae699ff002d3f0feb4014e8ad9a2800a2b1a8a00d9a2b1a8a0028ab9f60ff00a6bff8efff005e8fb07fd35ffc77ff00af400699ff002d3f0feb576a97fc797fd34dff008631ff00eba3edff00f4cbff001eff00eb5005dac6ab9f6fff00a65ff8f7ff005a8fb07fd35ffc77ff00af4014eae699ff002d3f0feb47d83fe9affe3bff00d7a3fe3cbfe9a6ff00c318ff00f5d005da2a97dbff00e997fe3dff00d6a3edff00f4cbff001eff00eb50053a2ae7d83fe9affe3bff00d7a3ec1ff4d7ff001dff00ebd001a67fcb4fc3fad55f197fc8b777ff0000ff00d0d6ad7fc797fd34dff8631ffebacbf165df9be1fb94f2f19d9ce7fdb15e4e7dff0022bc4ffd7b9ffe92ce8c1ffbc53f55f99c1514515fcca7dd8514514005145140051451400514514005145140051451400514514005145140051451400514514005145140051451400514514005145140051451400514514005145140051451400514514005145140051451400514514005145140051451400514514005145140051451400514514005145140051451400514514005145140051451400514514005145140051451401afe0dff009192d3fe07ff00a0357a3d79af8524f2bc416cf8ce37f19ff60d77bf6fff00a65ff8f7ff005abf6ef0d7fe45553febe3ff00d2627cae79fef0bd3f5653a2ae7d83fe9aff00e3bffd7a3ec1ff004d7ff1dffebd7e8478c1a67fcb4fc3fad5daa5ff001e5ff4d37fe18c7ffae8fb7ffd32ff00c7bffad40176b1aae7dbff00e997fe3dff00d6a3ec1ff4d7ff001dff00ebd0053ab9a67fcb4fc3fad1f60ffa6bff008eff00f5e8ff008f2ffa69bff0c63ffd7401768aa5f6ff00fa65ff008f7ff5a8fb7ffd32ff00c7bffad4014e8ab9f60ffa6bff008eff00f5e8fb07fd35ff00c77ffaf4014e8ab9f60ffa6bff008eff00f5e8a00bb451450052d4ff00e59fe3fd2a9d5cd4ff00e59fe3fd2a9d0015b358d5b3400552d4ff00e59fe3fd2aed52d4ff00e59fe3fd28029d1451401b3451450052d4ff00e59fe3fd2b07c4bff204b8ff0080ff00e842b7b53ff967f8ff004ac1f12ffc812e3fe03ffa10af273eff00915e27febdcfff004967460ffde29faafcce328a28afe653eec28a28a0028a28a0028a28a0028a28a0028a28a0028a28a0028a28a0028a28a0028a28a0028a28a0028a28a0028a28a0028a28a0028a28a0028a28a0028a28a0028a28a0028a28a0028a28a0028a28a0028a28a0028a28a0028a28a0028a28a0028a28a0028a28a0028a28a0028a28a0028a28a0028a28a0028a28a0028a28a0028a28a0028a28a0028a28a0028a28a00d1f0d7fc86edffe05ff00a09aed2b8bf0d7fc86edff00e05ffa09aed2bf6ef0d7fe45553febe3ff00d2627cae79fef0bd3f566cd14515fa11e314b53ff967f8ff004aa757353ff967f8ff004aa740056cd6356cd00154b53ff967f8ff004abb54b53ff967f8ff004a00a745145006cd1451400514514018d45145005cd33fe5a7e1fd6aed52d33fe5a7e1fd6aed00158d5b358d40055cd33fe5a7e1fd6a9d5cd33fe5a7e1fd6802ed14514018d45145005cd33fe5a7e1fd6aaf8cbfe45bbbff00807fe86b56b4cff969f87f5aabe32ff916eeff00e01ffa1ad7939f7fc8af13ff005ee7ff00a4b3a307fef14fd57e679c514515fcca7dd8514514005145140051451400514514005145140051451400514514005145140051451400514514005145140051451400514514005145140051451400514514005145140051451400514514005145140051451400514514005145140051451400514514005145140051451400514514005145140051451400514514005145140051451400514514005145140051451401afe0dff9192d3fe07ffa0357a3d79c7837fe464b4ff81ffe80d5e8f5fb7786bff22aa9ff005f1ffe9313e573cff785e9fab31a8a28afd08f18b9a67fcb4fc3fad5daa5a67fcb4fc3fad5da002b1ab66b1a800ab9a67fcb4fc3fad53ab9a67fcb4fc3fad005da28a28031a8a28a0028a28a00b9f60ffa6bff008eff00f5e8fb07fd35ff00c77ffaf5768a00a5ff001e5ff4d37fe18c7ffae8fb7ffd32ff00c7bffad46a7ff2cff1fe954e802e7dbffe997fe3dffd6a3ec1ff004d7ff1dffebd53ad9a00a5f60ffa6bff008eff00f5e8ff008f2ffa69bff0c63ffd7576a96a7ff2cff1fe94007dbffe997fe3dffd6a3edfff004cbff1effeb553a2802e7d83fe9aff00e3bffd7a3ec1ff004d7ff1dffebd5da280297fc797fd34dff8631ffebacbf165df9be1fb94f2f19d9ce7fdb15a9a9ffcb3fc7fa560f897fe40971ff01ffd0857939f7fc8af13ff005ee7ff00a4b3a307fef14fd57e6719451457f329f761451450014514500145145001451450014514500145145001451450014514500145145001451450014514500145145001451450014514500145145001451450014514500145145001451450014514500145145001451450014514500145145001451450014514500145145001451450014514500145145001451450014514500145145001451450014514500145145006a78524f2bc416cf8ce37f19ff60d77bf6fff00a65ff8f7ff005abcff00c35ff21bb7ff00817fe826bb4afdbbc35ff91554ff00af8fff004989f2b9e7fbc2f4fd5973ec1ff4d7ff001dff00ebd1f60ffa6bff008eff00f5eaed15fa11e314bfe3cbfe9a6ffc318fff005d1f6fff00a65ff8f7ff005a8d4ffe59fe3fd2a9d005cfb7ff00d32ffc7bff00ad47d83fe9affe3bff00d7aa75b34014bec1ff004d7ff1dffebd1ff1e5ff004d37fe18c7ff00aeaed52d4ffe59fe3fd2800fb7ff00d32ffc7bff00ad47dbff00e997fe3dff00d6aa745005cfb07fd35ffc77ff00af47d83fe9affe3bff00d7abb450052fb07fd35ffc77ff00af455da2800a2b1a8a00b9a9ff00cb3fc7fa553ab9a67fcb4fc3fad5da00c6ad9a2b1a80366a96a7ff002cff001fe954eae699ff002d3f0feb4014e8ad9a2800a2b1a8a00b9a9ffcb3fc7fa560f897fe40971ff01ffd0856f699ff002d3f0feb557c65ff0022dddffc03ff00435af273eff915e27febdcff00f4967460ff00de29faafccf38a28a2bf994fbb0a28a2800a28a2800a28a2800a28a2800a28a2800a28a2800a28a2800a28a2800a28a2800a28a2800a28a2800a28a2800a28a2800a28a2800a28a2800a28a2800a28a2800a28a2800a28a2800a28a2800a28a2800a28a2800a28a2800a28a2800a28a2800a28a2800a28a2800a28a2800a28a2800a28a2800a28a2800a28a2800a28a2800a28a2800a28a2800a28a280347c35ff0021bb7ff817fe826bb4ae47c1bff2325a7fc0ff00f406af47afdbbc35ff0091554ffaf8ff00f4989f2b9e7fbc2f4fd585158d457e8478c5cd4ffe59fe3fd2a9d5cd33fe5a7e1fd6aed006356cd158d401b354b53ff967f8ff004aa75734cff969f87f5a00a7456cd14005158d45006cd158d45001455cfb07fd35ff00c77ffaf47d83fe9aff00e3bffd7a0034cff969f87f5abb54bfe3cbfe9a6ffc318fff005d1f6fff00a65ff8f7ff005a802ed6355cfb7ffd32ff00c7bffad47d83fe9aff00e3bffd7a00a75734cff969f87f5a3ec1ff004d7ff1dffebd1ff1e5ff004d37fe18c7ff00ae802ed154bedfff004cbff1effeb51f6fff00a65ff8f7ff005a8029d1573ec1ff004d7ff1dffebd1f60ff00a6bff8efff005e800d33fe5a7e1fd6aaf8cbfe45bbbff807fe86b56bfe3cbfe9a6ff00c318ff00f5d65f8b2efcdf0fdca7978cece73fed8af273eff915e27febdcff00f4967460ff00de29faafcce0a8a28afe653eec28a28a0028a28a0028a28a0028a28a0028a28a0028a28a0028a28a0028a28a0028a28a0028a28a0028a28a0028a28a0028a28a0028a28a0028a28a0028a28a0028a28a0028a28a0028a28a0028a28a0028a28a0028a28a0028a28a0028a28a0028a28a0028a28a0028a28a0028a28a0028a28a0028a28a0028a28a0028a28a0028a28a0028a28a0028a28a0028a28a00d7f06ffc8c969ff03ffd01abd1ebcd7c292795e20b67c671bf8cff00b06bbdfb7ffd32ff00c7bffad5fb7786bff22aa9ff005f1ffe9313e573cff785e9fab29d1573ec1ff4d7ff001dff00ebd1f60ffa6bff008eff00f5ebf423c60d33fe5a7e1fd6aed52ff8f2ff00a69bff000c63ff00d747dbff00e997fe3dff00d6a00bb58d573edfff004cbff1effeb51f60ff00a6bff8efff005e8029d5cd33fe5a7e1fd68fb07fd35ffc77ff00af47fc797fd34dff008631ff00eba00bb4552fb7ff00d32ffc7bff00ad47dbff00e997fe3dff00d6a00a7455cfb07fd35ffc77ff00af47d83fe9affe3bff00d7a00a7455cfb07fd35ffc77ff00af45005da28a280296a7ff002cff001fe954eae6a7ff002cff001fe954e800ad9ac6ad9a002a96a7ff002cff001fe9576a96a7ff002cff001fe94014e8a28a00d9a28a280296a7ff002cff001fe9583e25ff009025c7fc07ff004215bda9ff00cb3fc7fa560f897fe40971ff0001ff00d0857939f7fc8af13ff5ee7ffa4b3a307fef14fd57e6719451457f329f7614514500145145001451450014514500145145001451450014514500145145001451450014514500145145001451450014514500145145001451450014514500145145001451450014514500145145001451450014514500145145001451450014514500145145001451450014514500145145001451450014514500145145001451450014514500145145001451450068f86bfe4376ff00f02ffd04d7695c5f86bfe4376fff0002ff00d04d7695fb7786bff22aa9ff005f1ffe9313e573cff785e9fab3668a28afd08f18a5a9ff00cb3fc7fa553ab9a9ff00cb3fc7fa553a002b66b1ab66800aa5a9ff00cb3fc7fa55daa5a9ff00cb3fc7fa50053a28a2803668a28a0028a28a00c6a28a2802e699ff002d3f0feb576a9699ff002d3f0feb576800ac6ad9ac6a002ae699ff002d3f0feb54eae699ff002d3f0feb401768a28a00c6a28a2802e699ff002d3f0feb557c65ff0022dddffc03ff00435ab5a67fcb4fc3fad55f197fc8b777ff0000ff00d0d6bc9cfbfe45789ffaf73ffd259d183ff78a7eabf33ce28a28afe653eec28a28a0028a28a0028a28a0028a28a0028a28a0028a2a9eabaa69da55b8b8d4af60b4899b68795c2827d2aa3094df2c55d9518b93b455d9728ac0ff0084d3c25ff43169bff7fc51ff0009a784bfe862d37feff8ae8fa8e27fe7dcbee66df54aff00c8fee66fd1581ff09a784bfe862d37feff008a3fe134f097fd0c5a6ffdff00147d4713ff003ee5f730faa57fe47f7337e8ac0ff84d3c25ff0043169bff007fc51ff09a784bfe862d37feff008a3ea389ff009f72fb987d52bff23fb99bf45607fc269e12ff00a18b4dff00bfe28ff84d3c25ff0043169bff007fc51f51c4ff00cfb97dcc3ea95ff91fdccdfa2b03fe134f097fd0c5a6ff00dff147fc269e12ff00a18b4dff00bfe28fa8e27fe7dcbee61f54affc8fee66fd1581ff0009a784bfe862d37feff8a3fe134f097fd0c5a6ff00dff147d4713ff3ee5f730faa57fe47f7337e8ac0ff0084d3c25ff43169bff7fc549078b7c313b848b5fd3598f41f685ff1a4f05895aba72fb989e16bade0fee66dd151c13433a6f8258e55fef23023f4a92b9da6b4662d5828a28a420a28a2800a28aced5f5dd1b489123d4f53b5b379065165902961eb570a73a92e582bbf22a1094dda2aecd1a2b03fe134f097fd0c5a6ffdff00147fc269e12ffa18b4dffbfe2b7fa8e27fe7dcbee66df54aff00c8fee66fd1581ff09a784bfe862d37feff008a3fe134f097fd0c5a6ffdff00147d4713ff003ee5f730faa57fe47f7337e8ac0ff84d3c25ff0043169bff007fc51ff09a784bfe862d37feff008a3ea389ff009f72fb987d52bff23fb99bf45476f34571024f048b2452286465e8c0f422a4ae669a76660d5b4614515873f8bfc2d04cf0cdafe9c92231565338c823a8ad29d1a9574a716fd15cb8529d4f8137e86e51581ff09a784bfe862d37feff008a3fe134f097fd0c5a6ffdff0015afd4713ff3ee5f7334faa57fe47f7337e8ac0ff84d3c25ff0043169bff007fc51ff09a784bfe862d37feff008a3ea389ff009f72fb987d52bff23fb99bf45607fc269e12ff00a18b4dff00bfe2a7b0f14787750bb4b4b1d66cae2e24fb91c728663f852960f1115774e56f462786ac95dc1fdccd8a28a6cae9146d248ea8880b3331c0007526b9b7301d45607fc269e12ffa18b4dffbfe28ff0084d3c25ff43169bff7fc5757d4713ff3ee5f733a3ea95ff91fdccdfa2b03fe134f097fd0c5a6ff00dff147fc269e12ff00a18b4dff00bfe28fa8e27fe7dcbee61f54affc8fee66fd1581ff0009a784bfe862d37feff8a3fe134f097fd0c5a6ff00dff147d4713ff3ee5f730faa57fe47f7337e8ac01e33f099200f10e9c49e00138ade52194107208c8acaa50ab4aded22d5fbab19ce954a7f1c5af542d1451591985145140051451400514514005145140051451401afe0dff9192d3fe07ffa0357a3d79c7837fe464b4ff81ffe80d5e8f5fb7786bff22aa9ff005f1ffe9313e573cff785e9fab31a8a28afd08f18b9a67fcb4fc3fad5daa5a67fcb4fc3fad5da002b1ab66b1a800ab9a67fcb4fc3fad53ab9a67fcb4fc3fad005da28a28031a8a28a0028a28a00b9f60ffa6bff008eff00f5e8fb07fd35ff00c77ffaf5768a00a5ff001e5ff4d37fe18c7ffae8fb7ffd32ff00c7bffad46a7ff2cff1fe954e802e7dbffe997fe3dffd6a3ec1ff004d7ff1dffebd53ad9a00a5f60ffa6bff008eff00f5e8ff008f2ffa69bff0c63ffd7576a96a7ff2cff1fe94007dbffe997fe3dffd6a3edfff004cbff1effeb553a2802e7d83fe9aff00e3bffd7a3ec1ff004d7ff1dffebd5da280297fc797fd34dff8631ffebacbf165df9be1fb94f2f19d9ce7fdb15a9a9ffcb3fc7fa560f897fe40971ff01ffd0857939f7fc8af13ff005ee7ff00a4b3a307fef14fd57e6719451457f329f76145145001451450014514500145145001451450047713456f6f25c4f22c7146a5ddd8e0281d49af99be2878ba5f15ebcd2465974fb7252d633dc7773ee7f95767f1dbc6be6c8de17d326fdda1ff004d914fde3da3fc3bfe55e3f5fa5f09e49ec21f5cacbde97c3e4bbfabfcbd4fbae1dcabd947eb3557bcf6f25dfe7f90514515f6e7d48514514005145140051451400514514005145140051451401774ad5753d2a71369b7f716ae0e73148573f51d0d7acfc3ff008b8f24f1e9fe28080310a97a83183fed8fea2bc668af3330ca70b9841c6b475efd57cce1c665d87c646d523af7ea7d928cae81d1832b0c820e4114b5e53fb3ff008a25beb19bc3b7921796d17ccb6663c98f382bf81c7e07dabd5abf1eccb013c06265427d3af75d19f9ae3b093c1d7951974fc5051452332a296621540c924f005709c867f88f58b3d0746b8d52fdf6c30ae71dd8f651ee4d7cb7e2bd76f3c47ae4faadeb7cf21c226788d3b28fa574ff00183c66de25d63ec56521fecbb46223c7495fa173fc87b7d6b83afd5f85f24fa8d1f6f557ef25f82edebdfee3f43c872afaa52f6b517bf2fc176ff30a28a2beacfa00a28a2800aefbe0e7830f89357fb7df467fb2ecd81704712bf509f4ee7ffaf5cc784740bcf126bb069764bf339cc8f8e2341d58d7d49e1fd26cf43d22df4bb08f64102e07ab1eec7dc9af93e28cefea347d8527fbc97e0bbfabe9f79f3d9fe6bf55a7eca9bf7e5f82feb62f280aa1540000c003b52d158de33f10d9f867419f54bb20951b628f3cc8e7a28ff3d2bf2da54a75aa2a70576f447c053a72ab35082bb672df19bc683c3da57f65d84b8d4ef108c83cc31f42df53d07e75f3c1249249c935735dd52f35ad5ae353bf90c9713bee63d87a01ec07154abf66c932986598654d6b27ac9f9ff92e87e9d95e5d1c0d050fb4f77e7ff0028a28af60f4828a28a003af4afa13e0b782c683a58d63508b1a95da7caac398633d07d4f53f95713f043c15fdad7e35fd4a1cd8db3fee118712c83bfd07f3af7cafcf38bb3bbdf0545ff89fe9fe7f7773e3788f35bffb2d27fe2ff2ff0030af1df8ede35d8ade16d326f9881f6d914f41da3ff1fcabb3f8a5e2f8bc29a1168595b51b9052d90f6f573ec3f9d7ccf3cb2dc4f24f348d24b2316776392c4f526b9f84b24f6d3fae565eeaf87cdf7f45f9fa1870ee55ed65f59aab45b79beff2fcc6514515fa59f721451450014515d2fc3af0adc78af5f4b350c969161eea51fc29e83dcf4158e23114f0f4a556a3b456acceb56851a6ea4dd923aff81be0afed1bb5f126a5166d2ddbfd1518712483f8be83f9fd2bddaa0b0b4b7b0b286ced2258a08502468a380054f5f8be6f9a54ccb12eacb6d92ecbfadcfcc332c7cf1d5dd496dd176414514579679e14514500145145001451450014514500145145006a78524f2bc416cf8ce37f19ff0060d77bf6ff00fa65ff008f7ff5abcffc35ff0021bb7ff817fe826bb4afdbbc35ff0091554ffaf8ff00f4989f2b9e7fbc2f4fd5973ec1ff004d7ff1dffebd1f60ff00a6bff8efff005eaed15fa11e314bfe3cbfe9a6ff00c318ff00f5d1f6ff00fa65ff008f7ff5a8d4ff00e59fe3fd2a9d005cfb7ffd32ff00c7bffad47d83fe9aff00e3bffd7aa75b34014bec1ff4d7ff001dff00ebd1ff001e5ff4d37fe18c7ffaeaed52d4ff00e59fe3fd2800fb7ffd32ff00c7bffad47dbffe997fe3dffd6aa745005cfb07fd35ff00c77ffaf47d83fe9aff00e3bffd7abb450052fb07fd35ff00c77ffaf455da2800a2b1a8a00b9a9ffcb3fc7fa553ab9a67fcb4fc3fad5da00c6ad9a2b1a80366a96a7ff2cff1fe954eae699ff2d3f0feb4014e8ad9a2800a2b1a8a00b9a9ff00cb3fc7fa560f897fe40971ff0001ff00d0856f699ff2d3f0feb557c65ff22dddff00c03ff435af273eff00915e27febdcfff004967460ffde29faafccf38a28a2bf994fbb0a28a2800a28a2800a28a2800a28a2800ae27e2cf8c078634430d99dda9dda95800e7cb1ddcfd3b7bd76d4c786290e5e2473eaca0d74e0ead2a35a352ac39a2ba5ed7fccdf0d529d3aaa7523cc974ee7c79279d248d2481d9d892cc724927bd3763ff0071bf2afb0fecd6ff00f3ef17fdf028fb35bffcfbc5ff007c0afb9ff5e97fcf8ffc9bfe01f57feb62ff009f5f8ffc03e3cd8ffdc6fca8d8ff00dc6fcabec2682d554b34108006492838ae61bc71e04562a758d3f20e0fc87fc2b6a3c6356bdfd9619cadd9dff289b52e26a957f8741bf477fd0f99363ff71bf2a363ff0071bf2afa6bfe13af01ff00d0674fff00bf67fc28ff0084ebc07ff419d3ff00efd9ff000adffd68c5ff00d01cbf1ffe44d7fb7f13ff0040d2fc7ff913e65d8ffdc6fca8d8ff00dc6fcabe9aff0084ebc07ff419d3ff00efd9ff000a3fe13af01ffd0674ff00fbf67fc28ff5a317ff004072fc7ff910fedfc4ff00d034bf1ffe44f99763ff0071bf2a363ff71bf2afa6bfe13af01ffd0674ff00fbf67fc2b7347bcd1758b4fb5e972da5dc1bb6ef8c0201f43e86b2abc5d5e8c79aa6164979b6bff6d33a9c47569ae69e1da5e6dafd0f92763ff71bf2a363ff0071bf2afb0fecd6ff00f3ef17fdf028fb35bffcfbc5ff007c0ae7ff005e97fcf8ff00c9bfe018ff00ad8bfe7d7e3ff00f8ec820e08c1a4af4cf8fbac69979ae5be97a7c10f99621bed1322819638f9323ae31f99af33afb3cbf152c5e1a15a50e5e6d6dfd77dcfa7c1e22588a11ab28f2dfa0514515da74851451401db7c119a48be23e9eb192048b2238f51b09fe6057d295e1dfb3cf87a69b559fc453c645bc08618091f79cfde23e838fc6bdc6bf27e30af0ab98da1f6524fd757fa9f9e712d5854c6da3d124fd757fa85792fc74f1afd92ddbc31a64dfe912affa648a7ee21fe0fa9efedf5aec3e25f8b60f0a680d382af7d3e52d623ddbfbc7d857cc977713dddd4b75732b4b34ae5e476392c4f535d7c27927d62a7d6eb2f763b79befe8bf3f43a78772af6d3facd55eeadbcdff00c0fcc8a8a28afd34fba0a28a2800a7c11493cc90c28d2492305455192c4f402995a3e1cd62e742d563d4ece2b792e22cf97e726f0a4f703d6b3a8e6a0dc15df4266e4a2dc55d9f447c2bf07c7e15d0879eaada95c80d72ff00ddf441ec3f9d7635f3bffc2e0f187f7ac3ff0001ff00faf47fc2e0f187f7ac3ff01fff00af5f9ae2b85b35c556956aae2e4fcffe01f0d88c8330c454756a34dbf3ff00807d09733456d6f25c4f22c7146a5ddd8e0281d49af99be2878ba5f15ebcd246ccba7db9296b19f4eee7dcff002a77897e23789b5fd29f4cbd9e04b79082e218b61603b139e95c857bfc3bc38f2f93ad88b39ecadd17f9bfeb73d8c972478393ab5ace5d3cbfe08514515f5e7d18514514005745e00f0bdcf8af5f8ec22dc96e9f3dcca07dc4ff0013d0562e9f6773a85f436567134b3cce12345ea49afa7be1ef85adbc29a047649b5eea4c3dcca07df7f4fa0e82be7788b39596e1ed0fe24b6f2f3f97e678d9d666b0346d1f8e5b7f99b9a6d95ae9d61058d9c4b15bc0812341d80a835fd56cf44d22e353bf9364102ee3eac7b01ee4f157988552cc40006493dabe75f8c7e343e23d5ffb3ec653fd9768c42907899fa17fa761ff00d7afce725caea66b8ae57f0ad64ffaeaff00e09f1395e5f3cc31167b6edff5d59cc78c35fbcf12ebb3ea978705ce238f3c4683a28ac7a28afd9295285182a70564b447e9b4e9c69c5420ac90514515a141451450059d2ec6eb53d420b0b288cb713b84451dc9afa87c05e18b5f0ae81169f0e1e76f9ee25c7323f7fc07415c9fc11f057f63e9e35ed4a1c5fdd27ee518730c67fa9fe55e995f96f15677f5babf56a2fdc8efe6ff00c97f5d0f81e20cd7eb13f614dfbb1dfcdff920a28a2be3cf9a0a28a2800a28a2800a28a2800a28a2800a28a2800a28a280347c35ff0021bb7ff817fe826bb4ae47c1bff2325a7fc0ff00f406af47afdbbc35ff0091554ffaf8ff00f4989f2b9e7fbc2f4fd585158d457e8478c5cd4ffe59fe3fd2a9d5cd33fe5a7e1fd6aed006356cd158d401b354b53ff967f8ff004aa75734cff969f87f5a00a7456cd14005158d45006cd158d45001455cfb07fd35ff00c77ffaf47d83fe9aff00e3bffd7a0034cff969f87f5abb54bfe3cbfe9a6ffc318fff005d1f6fff00a65ff8f7ff005a802ed6355cfb7ffd32ff00c7bffad47d83fe9aff00e3bffd7a00a75734cff969f87f5a3ec1ff004d7ff1dffebd1ff1e5ff004d37fe18c7ff00ae802ed154bedfff004cbff1effeb51f6fff00a65ff8f7ff005a8029d1573ec1ff004d7ff1dffebd1f60ff00a6bff8efff005e800d33fe5a7e1fd6aaf8cbfe45bbbff807fe86b56bfe3cbfe9a6ff00c318ff00f5d65f8b2efcdf0fdca7978cece73fed8af273eff915e27febdcff00f4967460ff00de29faafcce0a8a28afe653eec28a28a0028a28a0028a28a0028a28a0028a28a0028a2b97f891e2bb7f0a680f724abdecd94b588ff00137a9f61d6b6c3e1ea626ac69535793d11ad1a33af515382bb6721f1cfc6bf61b56f0d699362e665ff004b753cc687f83ea7bfb7d6bc32a6bdb99ef6ee5bbba95a59e672f23b1e589ea6a1afda328cb29e5b865463bf57ddff005b1fa865d80860682a71dfabeec28a28af50ee0a28a28026b2b69ef2ee2b4b589a59e67091a28e589e82bea0f871e194f0af8662d3cb07b973e6dcb8e85c81c0f61803f0ae2fe05f82bec56cbe26d4e1c5cccbfe888c3fd5a1fe3fa9ededf5af58afcc38b33afacd4faa517eec5eafbbff0025f99f09c459a7b79fd5e9bf763bf9bff8015c4fc5af18a785f4430dab83a9dda95807fcf31ddcfd3b7bd76ac48048193e95f30f8e2dbc59aaf896eef754d2350133390a82062a883a2a90318c579dc3596d2c6e2af59ae58eb67d7b2f4eff00f04e2c8f034f1588bd56b963adbbff005d4e5a477924692462cec4966272493de9b5a1fd89acff00d022ff00ff00019ffc28fec4d67fe8117fff0080cffe15fad7b6a5fccbef3f44f6b4fba33e8ad0fec4d67fe8117fff0080cffe147f626b3ff408bfff00c067ff000a7ede97f32fbc7ed61fcc8cfaddf03786eefc53afc5a6db82b1fde9e5c711a773f5ec3deaa43a06b934c9147a45f97760aa0dbb0e4fe15f487c36f09c1e14d012db0af7b361eea51ddbfba3d857859fe790cbf0ff00bb69ce5a2f2f3f97e67939be6b0c1d1f71de6f6ff337748d3ed34ad360d3ac62115bc0811147f33ee69359d46d348d32e351be94456f0216763fc87b9e9572bc2fe34eb5acebda9ff6469da76a074db46f9996ddf13483bf4e40edf9d7e6b9565f2ccf15cb39596f26ff00add9f0d97e0e58ec472c9e9bb7fd75670be37f11ddf8a35f9b52b92550fcb0459e2341d07f8fbd61d687f626b3ff00408d43ff00019ffc28fec4d67fe811a87fe033ff00857ec545e1e85354e9b492d16a7e9749d1a50508349233e8ad0fec4d67fe811a87fe033ff851fd89acff00d02350ff00c067ff000ad7dbd2fe65f79a7b5a7fccbef33e8ad0fec4d67fe811a87fe033ff00851fd89acffd02350ffc067ff0a3dbd2fe65f787b5a7fccbef33e8ad0fec4d67fe811a87fe033ff851fd89acff00d02350ff00c067ff000a3dbd2fe65f787b5a7fccbef33e8ad0fec4d67fe811a87fe033ff00851fd89acffd02350ffc067ff0a3dbd2fe65f787b5a7fccbef33e8ad0fec4d67fe811a87fe033ff851fd89acff00d02350ff00c067ff000a3dbd2fe65f787b5a7fccbef33e8ad0fec4d67fe811a87fe033ff00851fd89acffd02350ffc067ff0a3dbd2fe65f787b5a7fccbef33e8ad0fec4d67fe811a87fe033ff85773f08bc0573aaeb5fda1acd9cb0d859b06f2e642a667ea060f61d4fe55cb8ccc70f84a32ad392b2fc7c8c3138da387a4ea4a5a23b0f81de0afeccb21e22d4a2c5edc27fa3a30e628cf7fa9fe5f5af51a4000180300560f8f35e9740d025bab4b49aeef1fe4b78a38cbfcdea71d875afc7b1589af9b63399fc52764ba2ecbd17fc13f34af5eb66389e67bc9e9e4711f1cfc6bf60b56f0d6992e2ea75ff4b753cc687f87ea7f97d6bc2eb5af74ef10dede4b7775a6ea52cf339791daddf2c4f53d2a1fec4d67fe811a87fe033ff857eaf9460f0d96e19518c95fabbeeffad8fd0f2ec350c0d054e3257eafbb33e8ad0fec4d67fe811a87fe033ff851fd89acff00d02350ff00c067ff000af53dbd2fe65f79dfed69ff0032fbccfa2b43fb1359ff00a046a1ff0080cffe147f626b3ff408d43ff019ff00c28f6f4bf997de1ed69ff32fbccfaf49f829e0afedbd486b5a8c59d3ad1fe4561c4d20edf41dff002ae73c23e0bd675dd760b07b2bab5858ee9a6961650883a9e475f415f4ce91a7da695a6c1a758c422b78102228f4f53ef5f27c519eac2d1fabd097bf2ddae8bfcdff005d0f9dcff365429fb1a4fde97e0bfcd96e8a28afcb8f810a28a2800a28a2800a28a2800a28a2800a28a2800a28a2800a28a28035fc1bff002325a7fc0fff00406af47af35f0a49e57882d9f19c6fe33fec1aef7edfff004cbff1effeb57edde1affc8aaa7fd7c7ff00a4c4f95cf3fde17a7eaca7455cfb07fd35ff00c77ffaf47d83fe9aff00e3bffd7afd08f1834cff00969f87f5abb54bfe3cbfe9a6ff00c318ff00f5d1f6ff00fa65ff008f7ff5a802ed6355cfb7ff00d32ffc7bff00ad47d83fe9affe3bff00d7a00a75734cff00969f87f5a3ec1ff4d7ff001dff00ebd1ff001e5ff4d37fe18c7ffae802ed154bedff00f4cbff001eff00eb51f6ff00fa65ff008f7ff5a8029d1573ec1ff4d7ff001dff00ebd1f60ffa6bff008eff00f5e8029d1573ec1ff4d7ff001dff00ebd1401768a28a00a5a9ff00cb3fc7fa553ab9a9ff00cb3fc7fa553a002b66b1ab66800aa5a9ff00cb3fc7fa55daa5a9ff00cb3fc7fa50053a28a2803668a28a00a5a9ff00cb3fc7fa560f897fe40971ff0001ff00d0856f6a7ff2cff1fe9583e25ff9025c7fc07ff4215e4e7dff0022bc4ffd7b9ffe92ce8c1ffbc53f55f99c35f5cc565653de4e488a08da472064ed0326b87ff85bbe0cff009f8bcffc0635daea968b7fa6dd58bb945b889a2661d4060467f5af32ff008523a3ff00d06aff00fef84afe7fcaa195ca32faf4a49f4b7fc333f4fcbe1809465f5b934fa5bfe199b1ff000b73c19ff3f179ff0080c68ff85b9e0cff009f8bcffc06358fff000a4747ff00a0d5ff00fdf0947fc291d1ff00e8357fff007c257adec786ff00e7e4ff00affb74f47d9647fcf2febe46c7fc2dcf067fcfc5e7fe031a3fe16e7833fe7e2f3ff018d63ffc291d1ffe8357ff00f7c251ff000a4747ff00a0d5ff00fdf0947b1e1bff009f93febfedd0f6591ff3cbfaf91b1ff0b73c19ff003f179ff80c68ff0085b9e0cff9f8bcff00c06358ff00f0a4747ffa0d5fff00df0947fc291d1ffe8357ff00f7c251ec786ffe7e4ffaff00b743d9647fcf2febe46c7fc2dcf067fcfc5e7fe031a3fe16e7833fe7e2f3ff00018d63ff00c291d1ff00e8357fff007c251ff0a4747ffa0d5fff00df0947b1e1bff9f93febfedd0f6591ff003cbfaf91b1ff000b73c19ff3f179ff0080c6b5fc2be38d0bc4d7cf67a49bb91e34deecd015551ee6b90ff8525a3ffd06afff00ef84aee3c13e16d3bc27a49b1b12d233b17966900dd21ed9c7602b8b1f0c92145bc2ca529f4bedebb1cb8c8e551a4feaee4e5e7b7e46a6afa85a695a6cfa85f4a22b7810bbb1f4f4fad7cbbe3af12ddf8a75f9751b825621f25bc59e234ec3ebdcfbd757f1afc6bfdb7a91d134e973a75a3fef194f13483bfd076fcebcdabebf85724faa52facd65efcb6f25fe6ffaea7d270fe55f56a7edea2f7a5f82ff00361451457d81f4814514500156f469ad6db56b4b8be80dc5ac532bcb10fe350724554a2a651528b8bea29479934cfa261f8b9e0cf2d7f7b791606369b63c7b714fff0085b9e0cff9f9bcff00c066af9ce8af947c19977797debfc8f9eff56305de5f7ffc03e8cff85b9e0cff009f9bcffc066a3fe16e7833fe7e6f3ff019abe73a28ff0052f2eef2fbd7f907fab182ef2fbd7f91f467fc2dcf067fcfcde7fe03351ff0b73c19ff003f379ff80cd5f39d14bfd4bcbbbcbef5fe41feabe0bbcbef5fe47d19ff000b73c19ff3f379ff0080cd47fc2dcf067fcfcde7fe03357ce75e9bf07fe1f49acdc47ae6b1095d3636dd0c4c3fe3e1877ff77f9d71e3f86b28c0d175ab4a492f35abecb43971791e5d84a4ead472b2f35af96c7b9691a843aa69b06a16e932433aee412a14623b1c1ab7480050000001c003b573df103c516de14d024bf976bdc3fc96d113f7dffc07535f9f52a32c45654e8c7593d11f1d4e94ab5550a4b56f4443e28f1ef86fc37a80b0d4aea4fb4140e5228cbed07a671d0d64ff00c2ddf067fcfcde7fe031af9ef52bdb9d46fe7bebc95a5b89dcbc8e7b9355ebf49a3c178254d2ab293975b356bf9687dbd2e17c2a82f68db7d6cffe01f467fc2ddf067fcfcde7fe031a3fe16ef833fe7e6f3ff018d7ce7456bfea5e5dde5f7aff00234ff55f05de5f7aff0023e8cff85bbe0cff009f9bcffc06347fc2ddf067fcfcde7fe031af9ce8a3fd4bcbbbcbef5fe41feabe0bbcbef5fe47d1a9f16fc1cee1127bd66638005b3124d775049e6c2928574dea1b6b8c30cf623d6bc53e05782bed53af89f5387f73137fa1c6c3efb0fe3fa0edeff4af6eaf86cfb0b82c2623d8615b76ddb77d7b2d3a753e4f37a185c3d6f6587bbb6edbebd829b23ac71b4923844504b3138000ef4eaf1ff8ede35f2a36f0b6992fcee3fd36453f74768ff1eff9571e599754cc3111a14fe6fb2ee73603053c65654a1f3f25dce925f8b5e0d8e464fb5dd36d24656dc907e94dff0085bbe0cff9f9bcff00c0635f39d15fa27fa97977797debfc8fb5ff0055f05de5f7aff23e8cff0085bbe0cff9f9bcff00c06347fc2ddf067fcfcde7fe031af9ce8a7fea5e5dde5f7aff0020ff0055f05de5f7aff23e8cff0085bbe0cff9f9bcff00c06347fc2ddf067fcfcde7fe031af9cea4b5826bab98edade3696695822228c9627a0a4f8332e4aedcbef5fe427c31825ab72fbd7f91f4e7867c7da0788f521a7e94d792cdb4bb130155503b93dabaaae4fe18f8461f0a682b13856bfb801eea41ebd947b0ff001aeb2bf39cc56163889470b7e45d5f5f3f4ec7c5635508d671c3df9577ebe655d56fed34bd3a7d42fa610dbc085ddcf61fe35c5ffc2ddf067fcfcde7fe031af3ef8dde333ac6a6da169f2ffa05a3e25653c4d20ebf80e9f5af34afb2c9f846956c32ab8b6d4a5aa4b4b2f3d373e9b2de1ca75682a988ba6fa2ec7d19ff000b77c19ff3f379ff0080c68ff85bbe0cff009f9bcffc0635f39d15eaff00a97977797debfc8f43fd57c17797debfc8fa33fe16ef833fe7e6f3ff00018d1ff0b77c19ff003f379ff80c6be73a28ff0052f2eef2fbd7f907faaf82ef2fbd7f91f467fc2ddf067fcfcde7fe031a3fe16ef833fe7e6f3ff018d7ce7451fea5e5dde5f7aff20ff55f05de5f7aff0023e8cff85bbe0cff009f9bcffc06347fc2dcf067fcfc5e7fe031af9ce8a3fd4ccbbbcbef5fe41feac60bbcbef5fe47d19ff0b73c19ff003f179ff80c68ff0085b9e0cff9f8bcff00c0635f39d147fa99977797debfc83fd58c17797debfc8fa33fe16e7833fe7e2f3ff018d1ff000b73c19ff3f179ff0080c6be73a28ff5332eef2fbd7f907fab182ef2fbd7f91f467fc2dcf067fcfc5e7fe031a747f167c1f248b1c735f3bb10aaa2d58924f402be71af61f813e0af31d7c53a9c5f229ff428d8753de4ff000fcebcfccf8732acbf0f2ad51cbc95d6afb6c71e3f24cbf0545d59b9796ab57db63d9e26df1abed65dc01c30c11f5ae475df893e15d1b549b4dbbbb99a784e24f2a12ea0fa6477aeaaf62967b39618676b791d0aacaa01284f700f7af3093e0a697248d249aeea0eec4b331452493d4d7c8e574f2e9ca4f1d36974497eb667ce602182936f15269744bfe18d7ff85b9e0cff009f8bcffc06347fc2dcf067fcfc5e7fe031ac6ff8523a47fd06afff00efda51ff000a4748ff00a0d5ff00fdfb4af67d8f0dff00cfc9ff005ff6e9e9fb2c8ff9e5fd7c8d9ff85b9e0cff009f8bcffc06347fc2dcf067fcfc5e7fe031ac6ff8523a47fd06afff00efda51ff000a4748ff00a0d5ff00fdfb4a3d8f0dff00cfc9ff005ff6e87b2c8ff9e5fd7c8d9ff85b9e0cff009f8bcffc06347fc2dcf067fcfc5e7fe031ac6ff8523a47fd06afff00efda51ff000a4748ff00a0d5ff00fdfb4a3d8f0dff00cfc9ff005ff6e87b2c8ff9e5fd7c8d9ff85b9e0cff009f8bcffc0635b1e13f1c681e27bd96cf4a96779628fcc61244546dc81fd6b8eff8523a47fd06afff00efda5747e02f87b63e11d4e7beb5d42e6e5a687ca2b22a800641cf1f4ae5c652c895093c3ce4e7d2fb7e473e269e52a949d1949cba5ffe18f45f0d7fc86edffe05ff00a09aed2b8bf0d7fc86edff00e05ffa09aed2bf48f0d7fe45553febe3ff00d2627e719e7fbc2f4fd59b3451457e8478c52d4ffe59fe3fd2a9d5cd4ffe59fe3fd2a9d0015b358d5b3400552d4ffe59fe3fd2aed52d4ffe59fe3fd28029d1451401b34514500145145006351451401734cff969f87f5abb54b4cff969f87f5abb40056356cd6350015734cff969f87f5aa75734cff969f87f5a00bb45145006351451401734cff969f87f5aabe32ff916eeff00e01ffa1ad5ad33fe5a7e1fd6aaf8cbfe45bbbff807fe86b5e4e7dff22bc4ff00d7b9ff00e92ce8c1ff00bc53f55f99e53e228a79f40d420b50cd3c96d22c614e0962a40c7e35f3c8f067c47c7fc786a7ff008123ff008aafa275bbb7b0d1af6fa35577b7b779555ba12aa4e0fe55e29ff0bb35cffa0469df9bff008d7e29c332cc234ea7d529c64aeafcdff0e8fd7f229631427f568464aeaf7ff8730bfe10cf88dff3e3a9ff00e04fff006547fc219f11bfe7c753ff00c09ffecab77fe1766b9ff408d3bf37ff001a3fe1766b9ff408d3bf37ff001afa7f699eff00cf8a7f7ffc13dee7cdbfe7cc3faf9985ff000867c46ff9f1d4ff00f027ff00b2a3fe10cf88dff3e3a9ff00e04fff00655bbff0bb35cffa0469df9bff008d1ff0bb35cffa0469df9bff008d1ed33dff009f14feff00f821cf9b7fcf987f5f330bfe10cf88dff3e3a9ff00e04fff006547fc219f11bfe7c753ff00c09ffecab77fe1766b9ff408d3bf37ff001a3fe1766b9ff408d3bf37ff001a3da67bff003e29fdff00f0439f36ff009f30febe6617fc219f11bfe7c753ff00c09ffeca8ff8433e237fcf8ea7ff00813ffd956eff00c2ecd73fe811a77e6ffe35dd7c2ef16f883c5af3dd5de9b676ba745f2891376e91fd064f41deb97179866f83a4eb56a34d457f5dcc3138cccb0d4dd4ab4a092febb907c1ef08ea5a3dbc9aaebd2dc1bf97291c124a58449ea79c64ff002aaff1b7c6bfd8da79d0b4e971a85d27ef5d4f30c67fa9fe55d678f7c4d6be15d025d427daf337c96f167991fb7e03a9af97b54bebad4f509efef65696e2772eec7b93fd2bcec8f015338c5bc7e297ba9e8ba36ba2f25f8bf99c394e12799625e3310bdd5b2e97ff0025fd752b514515fa39f6c14514500145145001451450014514500145157b4dd2354d4a458f4fd3aeae99ba7971161f9f4a99ce305793b214a518abc9d8a34e8a3796458e246776385551924fa015e8de1bf841e21d41964d51e2d3203c90c77c847fba381f89af5bf07f81bc3fe1850f656de75de306e66f99ff000ecbf857cde63c5582c226a9be79765b7cdedf75cf0f1bc4185c3a6a0f9e5e5b7de79e7c36f851248f16a9e288ca4630d1d91eadeefe83dbf3af688d1238d638d15114615546001e829d457e699966988cc6afb4acfd1745e87c363b30ad8da9cf55fa2e88afa8de5b69f6335ede4ab15bc085e476e800af983e2178a6e7c57afc97b26e4b68f296d113f713fc4f535d77c71f1aff006a5eb787b4d9b3656cff00e90ea789641dbe83f9fd2bcbabeff85324faad3fad565efcb6f25fe6ff002f99f61c3d957d5e1f58a8bde7b792ff00361451457d91f4c1451450015d5fc33f094de2bd796160cb61010f7520feef651ee6b0345d36ef58d52df4db188c9713b8541fd4fb0eb5f51f827c3969e18d061d32d40661f34d2e3991cf53fe1ed5f35c499d2cba872537fbc96de4bbff00979fa1e1e799a2c152e583f7e5b7979ff91ad6b6f0dadb456d6f1ac50c4a1111460281d054b4551d7b55b3d1749b8d4efe411c102ee63dc9ec07b9e95f92c633ab3515ab7f8b3f3a8c6552565ab673ff00147c5f17853422f132b6a3700a5b467b1eee7d87f3af99ee2696e279279e46925918b3bb1c9627a935abe31f105e789b5d9f54bc246e3b628f3c4683a28ff3d6b1abf61c83278e5987b4be396b27fa7c8fd2f27cb56068d9fc4f7ff2f90514515ef1eb05145140057b6fc0af057d9e15f146a70fefa41fe851b0fbaa7abfd4f6f6fad717f08bc18de27d67ed57919fecbb4606627a4add907f5f6fad7d1e8aa88a88a155460003000af84e2dcefd9c5e0a8bd5fc4fb2edf3ebe5ea7c9711e6bc8beab49eaf7ff2f9f51d54f5c79e3d16f9ed4133adbc863c75ddb4e3f5ab9457e750972c93ec7c5c5f2b4cf8d98b1625b2589c9cfad257af7c49f85579f6d9b55f0cc62686562f25a0386427aecf51ed5e537d637b613186f6d27b6901c159632a7f5afdbf2fcd30d8fa6a7465f2eabd51faae0f1f4317052a72f975457a28a2bd13b028a28a0028a28a0028a28a0028a28a0028a2af683a55e6b7ab5be99611979e76da3d00ee4fb01cd44e71845ca4ec90a52508b949d923a1f85be1097c57ae85955974eb621ee5c77f441ee7f957d2536db0d31bec968d20822c45044002703851dab3bc25a158f85bc3d169d6c54244bbe695b8ded8f998ff009e057997887e33dcc1ac5c41a3e9d6971651b6d8e594b6e7c753c1e9e95f97e36a62f88f16feaf1bc21b27a2f57e6ff23e07153c4675897ec6378476e9fd3660f88740f899ad6b171a94fa6ea11b4cd911c7380a8bd9400dd8550ff8433e237fcf8ea7ff00813ffd956eff00c2ecd73fe811a77e6ffe347fc2ecd73fe811a77e6ffe35f49079dd38a8470f4d25e7ff0004f720f3584546346165fd7730bfe10cf88dff003e3a9ffe04ff00f6547fc219f11bfe7c753ffc09ff00ecab77fe1766b9ff00408d3bf37ff1a3fe1766b9ff00408d3bf37ff1abf699effcf8a7f7ff00c12b9f36ff009f30febe6617fc219f11bfe7c753ff00c09ffeca8ff8433e237fcf8ea7ff00813ffd956eff00c2ecd73fe811a77e6ffe347fc2ecd73fe811a77e6ffe347b4cf7fe7c53fbff00e0873e6dff003e61fd7ccc2ff8433e237fcf8ea7ff00813ffd951ff0867c46ff009f1d4fff00027ffb2addff0085d9ae7fd0234efcdffc68ff0085d9ae7fd0234efcdffc68f699effcf8a7f7ff00c10e7cdbfe7cc3faf9985ff0867c46ff009f1d4fff00027ffb2aeebe0be81e2ad27c41773ebd6d79140f6bb50cd2ee1bb703ea7b66b0bfe1766b9ff408d3bf37ff001aebfe167c41d47c5dad5cd8de58dadba436fe68688b649dc06393ef5e766d3cdde0aa2af460a36d5adff338b319e64f0b3f6b4e2a36d5adff0033d7fc1bff002325a7fc0fff00406af47af38f06ff00c8c969ff0003ff00d01abd1ebea7c35ff91554ff00af8fff004989f90679fef0bd3f5663514515fa11e31734cff969f87f5abb54b4cff969f87f5abb40056356cd6350015734cff969f87f5aa75734cff969f87f5a00bb451450063514514005145140173ec1ff004d7ff1dffebd1f60ff00a6bff8efff005eaed14014bfe3cbfe9a6ffc318fff005d1f6fff00a65ff8f7ff005a8d4ffe59fe3fd2a9d005cfb7ff00d32ffc7bff00ad47d83fe9affe3bff00d7aa75b34014bec1ff004d7ff1dffebd1ff1e5ff004d37fe18c7ff00aeaed52d4ffe59fe3fd2800fb7ff00d32ffc7bff00ad47dbff00e997fe3dff00d6aa745005cfb07fd35ffc77ff00af47d83fe9affe3bff00d7abb450052ff8f2ff00a69bff000c63ff00d7597e2cbbf37c3f729e5e33b39cff00b62b5353ff00967f8ff4ac1f12ff00c812e3fe03ff00a10af273eff915e27febdcff00f4967460ff00de29faafcce2678a39e1786645923914abab0c8607a8358dff00087f857fe85ed37ff01d6b728afe6aa75ead2d2126bd1d8fbf855a94fe0935e8cc3ff843fc2bff0042f69bff0080eb47fc21fe15ff00a17b4dff00c075adca2b4faee27fe7e4bef65fd6abff003bfbd987ff00087f857fe85ed37ff01d68ff00843fc2bff42f69bff80eb5b9451f5dc4ff00cfc97dec3eb55ff9dfdecc3ff843fc2bff0042f69bff0080eb47fc21fe15ff00a17b4dff00c075adca28faee27fe7e4bef61f5aaff00cefef661ff00c21fe15ffa17b4dffc075ad5b0b3b4b0b54b5b2b78ade04ced8e350aa3f0153d151531156a2b4e4daf36c99d6a9356949bf994355d1b49d5591b52d3adaf0c6084f3a30db73d719aa5ff00087f857fe85ed37ff01d6b728a70c55782e58cda5eac71af562ad1934bd4c3ff00843fc2bff42f69bff80eb47fc21fe15ffa17b4dffc075adca2abebb89ff9f92fbd8feb55ff009dfdecc3ff00843fc2bff42f69bff80eb47fc21fe15ffa17b4dffc075adca28faee27fe7e4bef61f5aaffcefef661ffc21fe15ff00a17b4dff00c075a3fe10ff000aff00d0bda6ff00e03ad6e5147d7713ff003f25f7b0fad57fe77f7b30ff00e10ff0affd0bda6ffe03ad1ff087f857fe85ed37ff0001d6b728a3ebb89ff9f92fbd87d6abff003bfbd987ff00087f857fe85ed37ff01d68ff008443c2dff42f69bff80eb5b9451f5dc4ff00cfc97dec3eb55ff9dfdecccb7f0fe856f8f2346d3e3c7f76dd3fc2b463448d02468a8a3a051814ea2b19d59cfe26dfa99caa4a7f13b851451504052300ca5586411822968a00c33e10f0b1393e1fd3493ff4eeb47fc21fe15ffa17b4dffc075adca2ba7ebb89ff009f92fbd9bfd6ab7f3bfbd987ff00087f857fe85ed37ff01d68ff00843fc2bff42f69bff80eb5b9451f5dc4ff00cfc97dec3eb55ff9dfdecc3ff843fc2bff0042f69bff0080eb47fc21fe15ff00a17b4dff00c075adca28faee27fe7e4bef61f5aaff00cefef66669ba0687a65c7da34fd26ced66da577c51056c1ed915a745158d4a93a8f9a6db7e66739ca6ef2776155753d3ac353b716fa8d9c375106dc12540c33eb8356a8a5194a0f9a2ecc98c9c5dd3d4c3ff00843fc2bff42f69bff80eb47fc21fe15ffa17b4dffc075adca2b7faee27fe7e4bef66df5aaffcefef661ffc21fe15ff00a17b4dff00c075a3fe10ff000aff00d0bda6ff00e03ad6e5147d7713ff003f25f7b0fad57fe77f7b30ff00e10ff0affd0bda6ffe03ad1ff087f857fe85ed37ff0001d6b728a3ebb89ff9f92fbd87d6abff003bfbd95b4eb0b2d3ad85b585ac36b082488e240ab93d4e0559a28ae7949c9de4eecc5c9c9dd8514514841515c5bdbdca6cb8822997d2440c3f5a968a69b4ee869b5aa3226f0bf8726399742d358ffd7b2ff8545ff088785bfe85fd37ff0001d6b728add62f10b4537f7b36589acb69bfbd987ff088785bfe85fd37ff0001d68ff8443c2dff0042fe9bff0080eb5b9453fae623fe7e4bef61f59adfcefef661ff00c221e16ffa17f4dffc075a3fe110f0b7fd0bfa6ffe03ad6e5147d7311ff3f25f7b0facd6fe77f7b30ffe110f0b7fd0bfa6ff00e03ad1ff00088785bfe85fd37ff01d6b728a3eb988ff009f92fbd87d66b7f3bfbd987ff088785bfe85fd37ff0001d68ff8443c2dff0042fe9bff0080eb5b9451f5cc47fcfc97dec3eb35bf9dfdecc3ff008443c2dff42fe9bff80eb56b4cd0745d32733e9fa559daca576978a20a71e9915a5454cb155e6b96536d7ab14b11564ace4edeac8ee6086e6de4b7b88d658a45dae8c32187a1ac7ff843fc2bff0042f69bff0080eb5b9454d3af5692b424d7a3b130ad529e91935e8cc3ff00843fc2bff42f69bff80eb47fc21fe15ffa17b4dffc075adca2b4faee27fe7e4bef65fd6abff3bfbd987ff087f857fe85ed37ff0001d68ff843fc2bff0042f69bff0080eb5b9451f5dc4ffcfc97dec3eb55ff009dfdecc3ff00843fc2bff42f69bff80eb47fc21fe15ffa17b4dffc075adca28faee27fe7e4bef61f5aaffcefef661ffc21fe15ff00a17b4dff00c075a3fe10ff000aff00d0bda6ff00e03ad6e5147d7713ff003f25f7b0fad57fe77f7b30ff00e10ff0affd0bda6ffe03ad5bd2f42d1b4b99a6d374bb4b491976b345105247a715a3454cb155e6b96536d7ab14b11564ad2936bd59a9e1493caf105b3e338dfc67fd835defdbff00e997fe3dff00d6af3ff0d7fc86edff00e05ffa09aed2bf67f0d7fe45553febe3ff00d2627c7e79fef0bd3f565cfb07fd35ff00c77ffaf47d83fe9aff00e3bffd7abb457e8478c52ff8f2ff00a69bff000c63ff00d747dbff00e997fe3dff00d6a353ff00967f8ff4aa740173edff00f4cbff001eff00eb51f60ffa6bff008eff00f5ea9d6cd0052fb07fd35ffc77ff00af47fc797fd34dff008631ff00ebabb54b53ff00967f8ff4a003edff00f4cbff001eff00eb51f6ff00fa65ff008f7ff5aa9d140173ec1ff4d7ff001dff00ebd1f60ffa6bff008eff00f5eaed14014bec1ff4d7ff001dff00ebd15768a0028ac6a2802e6a7ff2cff1fe954eae699ff2d3f0feb5768031ab668ac6a00d9aa5a9ff00cb3fc7fa553ab9a67fcb4fc3fad0053a2b668a0028ac6a2802e6a7ff002cff001fe9583e25ff009025c7fc07ff004215bda67fcb4fc3fad55f197fc8b777ff0000ff00d0d6bc9cfbfe45789ffaf73ffd259d183ff78a7eabf33ce28a28afe653eec28a28a0028a28a0028a28a0028a28a0028a28a0028a28a0028a28a0028a28a0028a28a0028a28a0028a28a0028a28a0028a28a0028a28a0028a28a0028a28a0028a28a0028a28a0028a28a0028a28a0028a28a0028a28a0028a28a0028a28a0028a28a0028a28a0028a28a0028a28a0028a28a0028a28a0028a28a0028a28a0028a28a0028a28a0028a28a0028a28a00d1f0d7fc86edffe05ff00a09aed2b91f06ffc8c969ff03ffd01abd1ebf6ef0d7fe45553febe3ffd2627cae79fef0bd3f5614563515fa11e317353ff00967f8ff4aa75734cff00969f87f5abb4018d5b345635006cd52d4ffe59fe3fd2a9d5cd33fe5a7e1fd68029d15b345001456351401b345635140051573ec1ff004d7ff1dffebd1f60ff00a6bff8efff005e800d33fe5a7e1fd6aed52ff8f2ff00a69bff000c63ff00d747dbff00e997fe3dff00d6a00bb58d573edfff004cbff1effeb51f60ff00a6bff8efff005e8029d5cd33fe5a7e1fd68fb07fd35ffc77ff00af47fc797fd34dff008631ff00eba00bb4552fb7ff00d32ffc7bff00ad47dbff00e997fe3dff00d6a00a7455cfb07fd35ffc77ff00af47d83fe9affe3bff00d7a0034cff00969f87f5aabe32ff00916eeffe01ff00a1ad5aff008f2ffa69bff0c63ffd7597e2cbbf37c3f729e5e33b39cffb62bc9cfbfe45789ffaf73ffd259d183ff78a7eabf3382a28a2bf994fbb0a28a2800a28a2800a28a2800a28a2800a28a2800a28a2800a28a2800a28a2800a28a2800a28a2800a28a2800a28a2800a28a2800a28a2800a28a2800a28a2800a28a2800a28a2800a28a2800a28a2800a28a2800a28a2800a28a2800a28a2800a28a2800a28a2800a28a2800a28a2800a28a2800a28a2800a28a2800a28a2800a28a2800a28a2800a28a2800a28a28035fc1bff002325a7fc0fff00406af47af35f0a49e57882d9f19c6fe33fec1aef7edfff004cbff1effeb57edde1affc8aaa7fd7c7ff00a4c4f95cf3fde17a7eaca7455cfb07fd35ff00c77ffaf47d83fe9aff00e3bffd7afd08f1834cff00969f87f5abb54bfe3cbfe9a6ff00c318ff00f5d1f6ff00fa65ff008f7ff5a802ed6355cfb7ff00d32ffc7bff00ad47d83fe9affe3bff00d7a00a75734cff00969f87f5a3ec1ff4d7ff001dff00ebd1ff001e5ff4d37fe18c7ffae802ed154bedff00f4cbff001eff00eb51f6ff00fa65ff008f7ff5a8029d1573ec1ff4d7ff001dff00ebd1f60ffa6bff008eff00f5e8029d1573ec1ff4d7ff001dff00ebd1401768a28a00a5a9ff00cb3fc7fa553ab9a9ff00cb3fc7fa553a002b66b1ab66800aa5a9ff00cb3fc7fa55daa5a9ff00cb3fc7fa50053a28a2803668a28a00a5a9ff00cb3fc7fa560f897fe40971ff0001ff00d0856f6a7ff2cff1fe9583e25ff9025c7fc07ff4215e4e7dff0022bc4ffd7b9ffe92ce8c1ffbc53f55f99c6514515fcca7dd8514514005145140051451400514514005145140051451400514514005145140051451400514514005145140051451400514514005145140051451400514514005145140051451400514514005145140051451400514514005145140051451400514514005145140051451400514514005145140051451400514514005145140051451400514514005145140051451401a3e1aff0090ddbffc0bff004135da5717e1aff90ddbff00c0bff4135da57edde1affc8aaa7fd7c7ff00a4c4f95cf3fde17a7eacd9a28a2bf423c6296a7ff2cff1fe954eae6a7ff2cff1fe954e800ad9ac6ad9a002a96a7ff2cff1fe9576a96a7ff2cff1fe94014e8a28a00d9a28a2800a28a28031a8a28a00b9a67fcb4fc3fad5daa5a67fcb4fc3fad5da002b1ab66b1a800ab9a67fcb4fc3fad53ab9a67fcb4fc3fad005da28a28031a8a28a00b9a67fcb4fc3fad55f197fc8b777ff0000ff00d0d6ad699ff2d3f0feb557c65ff22dddff00c03ff435af273eff00915e27febdcfff004967460ffde29faafccf38a28a2bf994fbb0a28a2800a28a2800a28a2800a28a2800a28a2800a28a2800a28a2800a28a2800a28a2800a28a2800a28a2800a28a2800a28a2800a28a2800a28a2800a28a2800a28a2800a28a2800a28a2800a28a2800a28a2800a28a2800a28a2800a28a2800a28a2800a28a2800a28a2800a28a2800a28a2800a28a2800a28a2800a28a2800a28a2800a28a2800a28a2800a28a28035fc1bff2325a7fc0ff00f406af47af38f06ffc8c969ff03ffd01abd1ebf6ef0d7fe45553febe3ffd2627cae79fef0bd3f5663514515fa11e31734cff00969f87f5abb54b4cff00969f87f5abb40056356cd6350015734cff00969f87f5aa75734cff00969f87f5a00bb451450063514514005145140173ec1ff4d7ff001dff00ebd1f60ffa6bff008eff00f5eaed14014bfe3cbfe9a6ff00c318ff00f5d1f6ff00fa65ff008f7ff5a8d4ff00e59fe3fd2a9d005cfb7ffd32ff00c7bffad47d83fe9aff00e3bffd7aa75b34014bec1ff4d7ff001dff00ebd1ff001e5ff4d37fe18c7ffaeaed52d4ff00e59fe3fd2800fb7ffd32ff00c7bffad47dbffe997fe3dffd6aa745005cfb07fd35ff00c77ffaf47d83fe9aff00e3bffd7abb450052ff008f2ffa69bff0c63ffd7597e2cbbf37c3f729e5e33b39cffb62b5353ff967f8ff004ac1f12ffc812e3fe03ffa10af273eff00915e27febdcfff004967460ffde29faafcce328a28afe653eec28a28a0028a28a0028a28a0028a28a0028a28a0028a28a0028a28a0028a28a0028a28a0028a28a0028a28a0028a28a0028a28a0028a28a0028a28a0028a28a0028a28a0028a28a0028a28a0028a28a0028a28a0028a28a0028a28a0028a28a0028a28a0028a28a0028a28a0028a28a0028a28a0028a28a0028a28a0028a28a0028a28a0028a28a0028a28a0028a28a00d4f0a49e57882d9f19c6fe33fec1aef7edfff004cbff1effeb579ff0086bfe4376fff0002ff00d04d7695fb7786bff22aa9ff005f1ffe9313e573cff785e9fab2e7d83fe9affe3bff00d7a3ec1ff4d7ff001dff00ebd5da2bf423c6297fc797fd34dff8631ffeba3edfff004cbff1effeb51a9ffcb3fc7fa553a00b9f6fff00a65ff8f7ff005a8fb07fd35ffc77ff00af54eb6680297d83fe9aff00e3bffd7a3fe3cbfe9a6ffc318fff005d5daa5a9ffcb3fc7fa5001f6fff00a65ff8f7ff005a8fb7ff00d32ffc7bff00ad54e8a00b9f60ff00a6bff8efff005e8fb07fd35ffc77ff00af5768a00a5f60ff00a6bff8efff005e8abb450014563514017353ff00967f8ff4aa75734cff00969f87f5abb4018d5b345635006cd52d4ffe59fe3fd2a9d5cd33fe5a7e1fd68029d15b3450014563514017353ff967f8ff004ac1f12ffc812e3fe03ffa10aded33fe5a7e1fd6aaf8cbfe45bbbff807fe86b5e4e7dff22bc4ff00d7b9ff00e92ce8c1ff00bc53f55f99e71451457f329f7614514500145145001451450014514500145145001451450014514500145145001451450014514500145145001451450014514500145145001451450014514500145145001451450014514500145145001451450014514500145145001451450014514500145145001451450014514500145145001451450014514500145145001451450014514500145145001451450068f86bfe4376ff00f02ffd04d7695c8f837fe464b4ff0081ff00e80d5e8f5fb7786bff0022aa9ff5f1ff00e9313e573cff00785e9fab0a2b1a8afd08f18b9a9ffcb3fc7fa553ab9a67fcb4fc3fad5da00c6ad9a2b1a80366a96a7ff2cff1fe954eae699ff2d3f0feb4014e8ad9a2800a2b1a8a00d9a2b1a8a0028ab9f60ffa6bff008eff00f5e8fb07fd35ff00c77ffaf400699ff2d3f0feb576a97fc797fd34dff8631ffeba3edfff004cbff1effeb5005dac6ab9f6ff00fa65ff008f7ff5a8fb07fd35ff00c77ffaf4014eae699ff2d3f0feb47d83fe9aff00e3bffd7a3fe3cbfe9a6ffc318fff005d005da2a97dbffe997fe3dffd6a3edfff004cbff1effeb50053a2ae7d83fe9aff00e3bffd7a3ec1ff004d7ff1dffebd001a67fcb4fc3fad55f197fc8b777ff00ffd0d6ad7fc797fd34dff008631ff00ebacbf165df9be1fb94f2f19d9ce7fdb15e4e7dff22bc4ff00d7b9ff00e92ce8c1ff00bc53f55f99c1514515fcca7dd8514514005145140051451400514514005145140051451400514514005145140051451400514514005145140051451400514514005145140051451400514514005145140051451400514514005145140051451400514514005145140051451400514514005145140051451400514514005145140051451400514514005145140051451400514514005145140051451401afe0dff9192d3fe07ffa0357a3d79af8524f2bc416cf8ce37f19ff0060d77bf6ff00fa65ff008f7ff5abf6ef0d7fe45553febe3ffd2627cae79fef0bd3f5653a2ae7d83fe9affe3bff00d7a3ec1ff4d7ff001dff00ebd7e8478c1a67fcb4fc3fad5daa5ff1e5ff004d37fe18c7ff00ae8fb7ff00d32ffc7bff00ad40176b1aae7dbffe997fe3dffd6a3ec1ff004d7ff1dffebd0053ab9a67fcb4fc3fad1f60ff00a6bff8efff005e8ff8f2ff00a69bff000c63ff00d7401768aa5f6fff00a65ff8f7ff005a8fb7ff00d32ffc7bff00ad4014e8ab9f60ff00a6bff8efff005e8fb07fd35ffc77ff00af4014e8ab9f60ff00a6bff8efff005e8a00bb451450052d4ffe59fe3fd2a9d5cd4ffe59fe3fd2a9d0015b358d5b3400552d4ffe59fe3fd2aed52d4ffe59fe3fd28029d1451401b3451450052d4ffe59fe3fd2b07c4bff00204b8ff80ffe842b7b53ff00967f8ff4ac1f12ff00c812e3fe03ff00a10af273eff915e27febdcff00f4967460ff00de29faafcce328a28afe653eec28a28a0028a28a0028a28a0028a28a0028a28a0028a28a0028a28a0028a28a0028a28a0028a28a0028a28a0028a28a0028a28a0028a28a0028a28a0028a28a0028a28a0028a28a0028a28a0028a28a0028a28a0028a28a0028a28a0028a28a0028a28a0028a28a0028a28a0028a28a0028a28a0028a28a0028a28a0028a28a0028a28a0028a28a0028a28a0028a28a00d1f0d7fc86edff00e05ffa09aed2b8bf0d7fc86edffe05ff00a09aed2bf6ef0d7fe45553febe3ffd2627cae79fef0bd3f566cd14515fa11e314b53ff00967f8ff4aa757353ff00967f8ff4aa740056cd6356cd00154b53ff00967f8ff4abb54b53ff00967f8ff4a00a745145006cd1451400514514018d45145005cd33fe5a7e1fd6aed52d33fe5a7e1fd6aed00158d5b358d40055cd33fe5a7e1fd6a9d5cd33fe5a7e1fd6802ed14514018d45145005cd33fe5a7e1fd6aaf8cbfe45bbbff807fe86b56b4cff00969f87f5a5d66cbfb474d96cfcdf2bccc7cdb738c303d3f0af3f37a1531180af469abca50924bcda691b61a6a15a1296c9afccf2da2bafff00842bfea27ff903ff00b2aa5ff08c7fd3f7fe42ff00ebd7e17fea3e7bff003e3ff2687ff247d67f6b613f9ff07fe473b45745ff0008c7fd3f7fe42ffebd4f6be11f3f77fc4c36edc7fcb1cffecd47fa8f9eff00cf8ffc9a1ffc907f6b613f9ff07fe472d4575fff000857fd44ff00f207ff006547fc215ff513ff00c81ffd951fea3e7bff003e3ff2687ff241fdad84fe7fc1ff0091c8515d17fc231ff4fdff0090bffaf47fc231ff004fdff90bff00af47fa8f9eff00cf8ffc9a1ffc907f6b613f9ff07fe473b457536be11f3f77fc4c36edc7fcb1cffecd537fc215ff00513ffc81ff00d951fea3e7bff3e3ff002687ff00241fdad84fe7fc1ff91c8515d7ff00c215ff00513ffc81ff00d9552ff8463fe9fbff00217ff5e8ff0051f3dff9f1ff009343ff00920fed6c27f3fe0ffc8e768ae8bfe118ff00a7effc85ff00d7a9ed7c23e7eeff008986ddb8ff009639ff00d9a8ff0051f3dff9f1ff009343ff00920fed6c27f3fe0ffc8e5a8aebff00e10aff00a89ffe40ff00eca8ff00842bfea27ff903ff00b2a3fd47cf7fe7c7fe4d0ffe483fb5b09fcff83ff2390a2ba2ff008463fe9fbff217ff005e8ff8463fe9fbff00217ff5e8ff0051f3dff9f1ff009343ff00920fed6c27f3fe0ffc8e768aea6d7c23e7eeff008986ddb8ff009639ff00d9aa6ff842bfea27ff00903ffb2a3fd47cf7fe7c7fe4d0ff00e483fb5b09fcff0083ff002390a2baff00f842bfea27ff00903ffb2aa5ff0008c7fd3f7fe42ffebd1fea3e7bff003e3ff2687ff241fdad84fe7fc1ff0091ced15d17fc231ff4fdff0090bffaf53daf847cfddff130dbb71ff2c73ffb351fea3e7bff003e3ff2687ff241fdad84fe7fc1ff0091cb515d7ffc215ff513ff00c81ffd951ff0857fd44fff00207ff6547fa8f9effcf8ff00c9a1ff00c907f6b613f9ff0007fe472145745ff08c7fd3f7fe42ff00ebd1ff0008c7fd3f7fe42ffebd1fea3e7bff003e3ff2687ff241fdad84fe7fc1ff0091ced15d4daf847cfddff130dbb71ff2c73ffb354dff000857fd44ff00f207ff006547fa8f9eff00cf8ffc9a1ffc907f6b613f9ff07fe47214575fff000857fd44ff00f207ff006554bfe118ff00a7effc85ff00d7a3fd47cf7fe7c7fe4d0ffe483fb5b09fcff83ff239da2ba2ff008463fe9fbff217ff005ea7b5f08f9fbbfe261b76e3fe58e7ff0066a3fd47cf7fe7c7fe4d0ffe483fb5b09fcff83ff2396a2bafff00842bfea27ff903ff00b2a3fe10affa89ff00e40ffeca8ff51f3dff009f1ff9343ff920fed6c27f3fe0ff00c8e428ae8bfe118ffa7eff00c85ffd7a3fe118ff00a7effc85ff00d7a3fd47cf7fe7c7fe4d0ffe483fb5b09fcff83ff239da2ba9b5f08f9fbbfe261b76e3fe58e7ff0066a9bfe10aff00a89ffe40ff00eca8ff0051f3dff9f1ff009343ff00920fed6c27f3fe0ffc8e428aebff00e10aff00a89ffe40ff00ecaa97fc231ff4fdff0090bffaf47fa8f9effcf8ff00c9a1ff00c907f6b613f9ff0007fe473b45745ff08c7fd3f7fe42ff00ebd4f6be11f3f77fc4c36edc7fcb1cff00ecd47fa8f9effcf8ff00c9a1ff00c907f6b613f9ff0007fe472d4575ff00f0857fd44fff00207ff6547fc215ff00513ffc81ff00d951fea3e7bff3e3ff002687ff00241fdad84fe7fc1ff91c8515d17fc231ff004fdff90bff00af47fc231ff4fdff0090bffaf47fa8f9effcf8ff00c9a1ff00c907f6b613f9ff0007fe473b457536be11f3f77fc4c36edc7fcb1cff00ecd537fc215ff513ff00c81ffd951fea3e7bff003e3ff2687ff241fdad84fe7fc1ff0091c8515d7ffc215ff513ff00c81ffd9552ff008463fe9fbff217ff005e8ff51f3dff009f1ff9343ff920fed6c27f3fe0ff00c8e768ae8bfe118ffa7eff00c85ffd7a9ed7c23e7eeff8986ddb8ff9639ffd9a8ff51f3dff009f1ff9343ff920fed6c27f3fe0ff00c8e5a8aebffe10affa89ff00e40ffeca8ff842bfea27ff00903ffb2a3fd47cf7fe7c7fe4d0ff00e483fb5b09fcff0083ff002390a2ba2ff8463fe9fbff00217ff5e8ff008463fe9fbff217ff005e8ff51f3dff009f1ff9343ff920fed6c27f3fe0ff00c8e768aea6d7c23e7eeff8986ddb8ff9639ffd9aa6ff00842bfea27ff903ff00b2a3fd47cf7fe7c7fe4d0ffe483fb5b09fcff83ff2390a2bafff00842bfea27ff903ff00b2aa5ff08c7fd3f7fe42ff00ebd1fea3e7bff3e3ff002687ff00241fdad84fe7fc1ff91ced15d17fc231ff004fdff90bff00af53daf847cfddff00130dbb71ff002c73ff00b351fea3e7bff3e3ff002687ff00241fdad84fe7fc1ff91cb515d7ff00c215ff00513ffc81ff00d951ff000857fd44ff00f207ff006547fa8f9eff00cf8ffc9a1ffc907f6b613f9ff07fe472145745ff0008c7fd3f7fe42ffebd1ff08c7fd3f7fe42ff00ebd1fea3e7bff3e3ff002687ff00241fdad84fe7fc1ff91ced15d4daf847cfddff00130dbb71ff002c73ff00b354dff0857fd44fff00207ff6547fa8f9effcf8ff00c9a1ff00c907f6b613f9ff0007fe47214575ff00f0857fd44fff00207ff6554bfe118ffa7eff00c85ffd7a3fd47cf7fe7c7fe4d0ff00e483fb5b09fcff0083ff00239da2ba2ff8463fe9fbff00217ff5ea7b5f08f9fbbfe261b76e3fe58e7ff66a3fd47cf7fe7c7fe4d0ff00e483fb5b09fcff0083ff002337c1bff2325a7fc0ff00f406af47ae7346f0bff676a515e7dbbcdf2f3f2f958ce548eb9f7ae8ebf52e08cab1795e02747170e5939b76ba7a5a2ba37d99e066b88a788aca54ddd5bf5663514515f647985cd33fe5a7e1fd6aed52d33fe5a7e1fd6aed00158d5b358d40055cd33fe5a7e1fd6a9d5cd33fe5a7e1fd6802ed14514018d4514500145145005cfb07fd35ff00c77ffaf47d83fe9aff00e3bffd7abb450052ff008f2ffa69bff0c63ffd747dbffe997fe3dffd6a353ff967f8ff004aa740173edfff004cbff1effeb51f60ff00a6bff8efff005ea9d6cd0052fb07fd35ff00c77ffaf47fc797fd34dff8631ffebabb54b53ff967f8ff004a003edfff004cbff1effeb51f6fff00a65ff8f7ff005aa9d140173ec1ff004d7ff1dffebd1f60ff00a6bff8efff005eaed14014bfe3cbfe9a6ffc318fff005d1f6fff00a65ff8f7ff005a8d4ffe59fe3fd2a9d005cfb7ff00d32ffc7bff00ad47d83fe9affe3bff00d7aa75b34014bec1ff004d7ff1dffebd1ff1e5ff004d37fe18c7ff00aeaed52d4ffe59fe3fd2800fb7ff00d32ffc7bff00ad47dbff00e997fe3dff00d6aa745005cfb07fd35ffc77ff00af47d83fe9affe3bff00d7abb450052ff8f2ff00a69bff000c63ff00d747dbff00e997fe3dff00d6a353ff00967f8ff4aa740173edff00f4cbff001eff00eb51f60ffa6bff008eff00f5ea9d6cd0052fb07fd35ffc77ff00af47fc797fd34dff008631ff00ebabb54b53ff00967f8ff4a003edff00f4cbff001eff00eb51f6ff00fa65ff008f7ff5aa9d140173ec1ff4d7ff001dff00ebd1f60ffa6bff008eff00f5eaed14014bfe3cbfe9a6ff00c318ff00f5d1f6ff00fa65ff008f7ff5a8d4ff00e59fe3fd2a9d005cfb7ffd32ff00c7bffad47d83fe9aff00e3bffd7aa75b34014bec1ff4d7ff001dff00ebd1ff001e5ff4d37fe18c7ffaeaed52d4ff00e59fe3fd2800fb7ffd32ff00c7bffad47dbffe997fe3dffd6aa745005cfb07fd35ff00c77ffaf47d83fe9aff00e3bffd7abb450052ff008f2ffa69bff0c63ffd747dbffe997fe3dffd6a353ff967f8ff004aa740173edfff004cbff1effeb51f60ff00a6bff8efff005ea9d6cd0052fb07fd35ff00c77ffaf47fc797fd34dff8631ffebabb54b53ff967f8ff004a003edfff004cbff1effeb51f6fff00a65ff8f7ff005aa9d140173ec1ff004d7ff1dffebd1f60ff00a6bff8efff005eaed14014bfe3cbfe9a6ffc318fff005d1f6fff00a65ff8f7ff005a8d4ffe59fe3fd2a9d005cfb7ff00d32ffc7bff00ad47d83fe9affe3bff00d7aa75b34014bec1ff004d7ff1dffebd1ff1e5ff004d37fe18c7ff00aeaed52d4ffe59fe3fd2800fb7ff00d32ffc7bff00ad47dbff00e997fe3dff00d6aa745005cfb07fd35ffc77ff00af47d83fe9affe3bff00d7abb450052ff8f2ff00a69bff000c63ff00d747dbff00e997fe3dff00d6a353ff00967f8ff4aa740173edff00f4cbff001eff00eb51f60ffa6bff008eff00f5ea9d6cd0052fb07fd35ffc77ff00af47fc797fd34dff008631ff00ebabb54b53ff00967f8ff4a003edff00f4cbff001eff00eb51f6ff00fa65ff008f7ff5aa9d140173ec1ff4d7ff001dff00ebd1f60ffa6bff008eff00f5eaed14014bfe3cbfe9a6ff00c318ff00f5d1f6ff00fa65ff008f7ff5a8d4ff00e59fe3fd2a9d005cfb7ffd32ff00c7bffad47d83fe9aff00e3bffd7aa75b34014bec1ff4d7ff001dff00ebd1ff001e5ff4d37fe18c7ffaeaed52d4ff00e59fe3fd2800fb7ffd32ff00c7bffad47dbffe997fe3dffd6aa745005cfb07fd35ff00c77ffaf47d83fe9aff00e3bffd7abb450052ff008f2ffa69bff0c63ffd747dbffe997fe3dffd6a353ff967f8ff004aa740173edfff004cbff1effeb51f60ff00a6bff8efff005ea9d6cd0052fb07fd35ff00c77ffaf47fc797fd34dff8631ffebabb54b53ff967f8ff004a003edfff004cbff1effeb51f6fff00a65ff8f7ff005aa9d140173ec1ff004d7ff1dffebd1f60ff00a6bff8efff005eaed14014bfe3cbfe9a6ffc318fff005d1f6fff00a65ff8f7ff005a8d4ffe59fe3fd2a9d005cfb7ff00d32ffc7bff00ad47d83fe9affe3bff00d7aa75b34014bec1ff004d7ff1dffebd1ff1e5ff004d37fe18c7ff00aeaed52d4ffe59fe3fd2800fb7ff00d32ffc7bff00ad47dbff00e997fe3dff00d6aa745005cfb07fd35ffc77ff00af47d83fe9affe3bff00d7abb450052fb07fd35ffc77ff00af455da2800a2b1a8a00b9a9ff00cb3fc7fa553ab9a67fcb4fc3fad5da00c6ad9a2b1a80366a96a7ff002cff001fe954eae699ff002d3f0feb4014e8ad9a2800a2b1a8a00b9a9ffcb3fc7fa553ab9a67fcb4fc3fad5da00c6ad9a2b1a80366a96a7ff2cff1fe954eae699ff2d3f0feb4014e8ad9a2800a2b1a8a00b9a9ff00cb3fc7fa553ab9a67fcb4fc3fad5da00c6ad9a2b1a80366a96a7ff002cff001fe954eae699ff002d3f0feb4014e8ad9a2800a2b1a8a00b9a9ffcb3fc7fa553ab9a67fcb4fc3fad5da00c6ad9a2b1a80366a96a7ff2cff1fe954eae699ff2d3f0feb4014e8ad9a2800a2b1a8a00b9a9ff00cb3fc7fa553ab9a67fcb4fc3fad5da00c6ad9a2b1a80366a96a7ff002cff001fe954eae699ff002d3f0feb4014e8ad9a2800a2b1a8a00b9a9ffcb3fc7fa553ab9a67fcb4fc3fad5da00c6ad9a2b1a80366a96a7ff2cff1fe954eae699ff2d3f0feb4014e8ad9a2800a2b1a8a00b9a9ff00cb3fc7fa553ab9a67fcb4fc3fad5da00c6ad9a2b1a80366a96a7ff002cff001fe954eae699ff002d3f0feb4014e8ad9a2800a2b1a8a00b9a9ffcb3fc7fa553ab9a67fcb4fc3fad5da00c6ad9a2b1a80366a96a7ff2cff1fe954eae699ff2d3f0feb4014e8ad9a2800a2b1a8a00b9a9ff00cb3fc7fa553ab9a67fcb4fc3fad5da00c6ad9a2b1a80366a96a7ff002cff001fe954eae699ff002d3f0feb4014e8ad9a2800a2b1a8a00b9a9ffcb3fc7fa553ab9a67fcb4fc3fad5da00c6ad9a2b1a80366a96a7ff2cff1fe954eae699ff2d3f0feb4014e8ad9a2800a2b1a8a00d9a2b1a8a0028ab9f60ffa6bff008eff00f5e8fb07fd35ff00c77ffaf400699ff2d3f0feb576a97fc797fd34dff8631ffeba3edfff004cbff1effeb5005dac6ab9f6ff00fa65ff008f7ff5a8fb07fd35ff00c77ffaf4014eae699ff2d3f0feb47d83fe9aff00e3bffd7a3fe3cbfe9a6ffc318fff005d005da2a97dbffe997fe3dffd6a3edfff004cbff1effeb50053a2ae7d83fe9aff00e3bffd7a3ec1ff004d7ff1dffebd001a67fcb4fc3fad5daa5ff1e5ff004d37fe18c7ff00ae8fb7ff00d32ffc7bff00ad40176b1aae7dbffe997fe3dffd6a3ec1ff004d7ff1dffebd0053ab9a67fcb4fc3fad1f60ff00a6bff8efff005e8ff8f2ff00a69bff000c63ff00d7401768aa5f6fff00a65ff8f7ff005a8fb7ff00d32ffc7bff00ad4014e8ab9f60ff00a6bff8efff005e8fb07fd35ffc77ff00af400699ff002d3f0feb576a97fc797fd34dff008631ff00eba3edff00f4cbff001eff00eb5005dac6ab9f6fff00a65ff8f7ff005a8fb07fd35ffc77ff00af4014eae699ff002d3f0feb47d83fe9affe3bff00d7a3fe3cbfe9a6ff00c318ff00f5d005da2a97dbff00e997fe3dff00d6a3edff00f4cbff001eff00eb50053a2ae7d83fe9affe3bff00d7a3ec1ff4d7ff001dff00ebd001a67fcb4fc3fad5daa5ff001e5ff4d37fe18c7ffae8fb7ffd32ff00c7bffad40176b1aae7dbff00e997fe3dff00d6a3ec1ff4d7ff001dff00ebd0053ab9a67fcb4fc3fad1f60ffa6bff008eff00f5e8ff008f2ffa69bff0c63ffd7401768aa5f6ff00fa65ff008f7ff5a8fb7ffd32ff00c7bffad4014e8ab9f60ffa6bff008eff00f5e8fb07fd35ff00c77ffaf400699ff2d3f0feb576a97fc797fd34dff8631ffeba3edfff004cbff1effeb5005dac6ab9f6ff00fa65ff008f7ff5a8fb07fd35ff00c77ffaf4014eae699ff2d3f0feb47d83fe9aff00e3bffd7a3fe3cbfe9a6ffc318fff005d005da2a97dbffe997fe3dffd6a3edfff004cbff1effeb50053a2ae7d83fe9aff00e3bffd7a3ec1ff004d7ff1dffebd001a67fcb4fc3fad5daa5ff1e5ff004d37fe18c7ff00ae8fb7ff00d32ffc7bff00ad40176b1aae7dbffe997fe3dffd6a3ec1ff004d7ff1dffebd0053ab9a67fcb4fc3fad1f60ff00a6bff8efff005e8ff8f2ff00a69bff000c63ff00d7401768aa5f6fff00a65ff8f7ff005a8fb7ff00d32ffc7bff00ad4014e8ab9f60ff00a6bff8efff005e8fb07fd35ffc77ff00af400699ff002d3f0feb576a97fc797fd34dff008631ff00eba3edff00f4cbff001eff00eb5005dac6ab9f6fff00a65ff8f7ff005a8fb07fd35ffc77ff00af4014eae699ff002d3f0feb47d83fe9affe3bff00d7a3fe3cbfe9a6ff00c318ff00f5d005da2a97dbff00e997fe3dff00d6a3edff00f4cbff001eff00eb50053a2ae7d83fe9affe3bff00d7a3ec1ff4d7ff001dff00ebd001a67fcb4fc3fad5daa5ff001e5ff4d37fe18c7ffae8fb7ffd32ff00c7bffad40176b1aae7dbff00e997fe3dff00d6a3ec1ff4d7ff001dff00ebd0053ab9a67fcb4fc3fad1f60ffa6bff008eff00f5e8ff008f2ffa69bff0c63ffd7401768aa5f6ff00fa65ff008f7ff5a8fb7ffd32ff00c7bffad4014e8ab9f60ffa6bff008eff00f5e8fb07fd35ff00c77ffaf400699ff2d3f0feb576a97fc797fd34dff8631ffeba3edfff004cbff1effeb5005dac6ab9f6ff00fa65ff008f7ff5a8fb07fd35ff00c77ffaf4014eae699ff2d3f0feb47d83fe9aff00e3bffd7a3fe3cbfe9a6ffc318fff005d005da2a97dbffe997fe3dffd6a3edfff004cbff1effeb50053a2ae7d83fe9aff00e3bffd7a3ec1ff004d7ff1dffebd001a67fcb4fc3fad5daa5ff1e5ff004d37fe18c7ff00ae8fb7ff00d32ffc7bff00ad40176b1aae7dbffe997fe3dffd6a3ec1ff004d7ff1dffebd0053ab9a67fcb4fc3fad1f60ff00a6bff8efff005e8ff8f2ff00a69bff000c63ff00d7401768aa5f6fff00a65ff8f7ff005a8fb7ff00d32ffc7bff00ad4014e8ab9f60ff00a6bff8efff005e8fb07fd35ffc77ff00af4014e8ab9f60ff00a6bff8efff005e8a00bb451450052d4ffe59fe3fd2a9d5cd4ffe59fe3fd2a9d0015b358d5b3400552d4ffe59fe3fd2aed52d4ffe59fe3fd28029d1451401b3451450052d4ffe59fe3fd2a9d5cd4ffe59fe3fd2a9d0015b358d5b3400552d4ffe59fe3fd2aed52d4ffe59fe3fd28029d1451401b3451450052d4ffe59fe3fd2a9d5cd4ffe59fe3fd2a9d0015b358d5b3400552d4ffe59fe3fd2aed52d4ffe59fe3fd28029d1451401b3451450052d4ffe59fe3fd2a9d5cd4ffe59fe3fd2a9d0015b358d5b3400552d4ffe59fe3fd2aed52d4ffe59fe3fd28029d1451401b3451450052d4ffe59fe3fd2a9d5cd4ffe59fe3fd2a9d0015b358d5b3400552d4ffe59fe3fd2aed52d4ffe59fe3fd28029d1451401b3451450052d4ffe59fe3fd2a9d5cd4ffe59fe3fd2a9d0015b358d5b3400552d4ffe59fe3fd2aed52d4ffe59fe3fd28029d1451401b3451450052d4ffe59fe3fd2a9d5cd4ffe59fe3fd2a9d0015b358d5b3400552d4ffe59fe3fd2aed52d4ffe59fe3fd28029d1451401b3451450052d4ffe59fe3fd2a9d5cd4ffe59fe3fd2a9d0015b358d5b3400552d4ffe59fe3fd2aed52d4ffe59fe3fd28029d1451401b3451450052d4ffe59fe3fd2a9d5cd4ffe59fe3fd2a9d0015b358d5b3400552d4ffe59fe3fd2aed52d4ffe59fe3fd28029d1451401b3451450052d4ffe59fe3fd2a9d5cd4ffe59fe3fd2a9d0015b358d5b3400552d4ffe59fe3fd2aed52d4ffe59fe3fd28029d1451401b34514500145145006351451401734cff969f87f5abb54b4cff969f87f5abb40056356cd6350015734cff969f87f5aa75734cff969f87f5a00bb45145006351451401734cff969f87f5abb54b4cff969f87f5abb40056356cd6350015734cff969f87f5aa75734cff969f87f5a00bb45145006351451401734cff969f87f5abb54b4cff969f87f5abb40056356cd6350015734cff969f87f5aa75734cff969f87f5a00bb45145006351451401734cff969f87f5abb54b4cff969f87f5abb40056356cd6350015734cff969f87f5aa75734cff969f87f5a00bb45145006351451401734cff969f87f5abb54b4cff969f87f5abb40056356cd6350015734cff969f87f5aa75734cff969f87f5a00bb45145006351451401734cff969f87f5abb54b4cff969f87f5abb40056356cd6350015734cff969f87f5aa75734cff969f87f5a00bb45145006351451401734cff969f87f5abb54b4cff969f87f5abb40056356cd6350015734cff969f87f5aa75734cff969f87f5a00bb45145006351451401734cff969f87f5abb54b4cff969f87f5abb40056356cd6350015734cff969f87f5aa75734cff969f87f5a00bb45145006351451401734cff969f87f5abb54b4cff969f87f5abb40056356cd6350015734cff969f87f5aa75734cff969f87f5a00bb45145006351451401734cff969f87f5abb54b4cff969f87f5abb40056356cd6350015734cff969f87f5aa75734cff969f87f5a00bb451450063514514005145140173ec1ff004d7ff1dffebd1f60ff00a6bff8efff005eaed14014bfe3cbfe9a6ffc318fff005d1f6fff00a65ff8f7ff005a8d4ffe59fe3fd2a9d005cfb7ff00d32ffc7bff00ad47d83fe9affe3bff00d7aa75b34014bec1ff004d7ff1dffebd1ff1e5ff004d37fe18c7ff00aeaed52d4ffe59fe3fd2800fb7ff00d32ffc7bff00ad47dbff00e997fe3dff00d6aa745005cfb07fd35ffc77ff00af47d83fe9affe3bff00d7abb450052ff8f2ff00a69bff000c63ff00d747dbff00e997fe3dff00d6a353ff00967f8ff4aa740173edff00f4cbff001eff00eb51f60ffa6bff008eff00f5ea9d6cd0052fb07fd35ffc77ff00af47fc797fd34dff008631ff00ebabb54b53ff00967f8ff4a003edff00f4cbff001eff00eb51f6ff00fa65ff008f7ff5aa9d140173ec1ff4d7ff001dff00ebd1f60ffa6bff008eff00f5eaed14014bfe3cbfe9a6ff00c318ff00f5d1f6ff00fa65ff008f7ff5a8d4ff00e59fe3fd2a9d005cfb7ffd32ff00c7bffad47d83fe9aff00e3bffd7aa75b34014bec1ff4d7ff001dff00ebd1ff001e5ff4d37fe18c7ffaeaed52d4ff00e59fe3fd2800fb7ffd32ff00c7bffad47dbffe997fe3dffd6aa745005cfb07fd35ff00c77ffaf47d83fe9aff00e3bffd7abb450052ff008f2ffa69bff0c63ffd747dbffe997fe3dffd6a353ff967f8ff004aa740173edfff004cbff1effeb51f60ff00a6bff8efff005ea9d6cd0052fb07fd35ff00c77ffaf47fc797fd34dff8631ffebabb54b53ff967f8ff004a003edfff004cbff1effeb51f6fff00a65ff8f7ff005aa9d140173ec1ff004d7ff1dffebd1f60ff00a6bff8efff005eaed14014bfe3cbfe9a6ffc318fff005d1f6fff00a65ff8f7ff005a8d4ffe59fe3fd2a9d005cfb7ff00d32ffc7bff00ad47d83fe9affe3bff00d7aa75b34014bec1ff004d7ff1dffebd1ff1e5ff004d37fe18c7ff00aeaed52d4ffe59fe3fd2800fb7ff00d32ffc7bff00ad47dbff00e997fe3dff00d6aa745005cfb07fd35ffc77ff00af47d83fe9affe3bff00d7abb450052ff8f2ff00a69bff000c63ff00d747dbff00e997fe3dff00d6a353ff00967f8ff4aa740173edff00f4cbff001eff00eb51f60ffa6bff008eff00f5ea9d6cd0052fb07fd35ffc77ff00af47fc797fd34dff008631ff00ebabb54b53ff00967f8ff4a003edff00f4cbff001eff00eb51f6ff00fa65ff008f7ff5aa9d140173ec1ff4d7ff001dff00ebd1f60ffa6bff008eff00f5eaed14014bfe3cbfe9a6ff00c318ff00f5d1f6ff00fa65ff008f7ff5a8d4ff00e59fe3fd2a9d005cfb7ffd32ff00c7bffad47d83fe9aff00e3bffd7aa75b34014bec1ff4d7ff001dff00ebd1ff001e5ff4d37fe18c7ffaeaed52d4ff00e59fe3fd2800fb7ffd32ff00c7bffad47dbffe997fe3dffd6aa745005cfb07fd35ff00c77ffaf47d83fe9aff00e3bffd7abb450052ff008f2ffa69bff0c63ffd747dbffe997fe3dffd6a353ff967f8ff004aa740173edfff004cbff1effeb51f60ff00a6bff8efff005ea9d6cd0052fb07fd35ff00c77ffaf47fc797fd34dff8631ffebabb54b53ff967f8ff004a003edfff004cbff1effeb51f6fff00a65ff8f7ff005aa9d140173ec1ff004d7ff1dffebd1f60ff00a6bff8efff005eaed14014bfe3cbfe9a6ffc318fff005d1f6fff00a65ff8f7ff005a8d4ffe59fe3fd2a9d005cfb7ff00d32ffc7bff00ad47d83fe9affe3bff00d7aa75b34014bec1ff004d7ff1dffebd1ff1e5ff004d37fe18c7ff00aeaed52d4ffe59fe3fd2800fb7ff00d32ffc7bff00ad47dbff00e997fe3dff00d6aa745005cfb07fd35ffc77ff00af47d83fe9affe3bff00d7abb450052ff8f2ff00a69bff000c63ff00d747dbff00e997fe3dff00d6a353ff00967f8ff4aa740173edff00f4cbff001eff00eb51f60ffa6bff008eff00f5ea9d6cd0052fb07fd35ffc77ff00af47fc797fd34dff008631ff00ebabb54b53ff00967f8ff4a003edff00f4cbff001eff00eb51f6ff00fa65ff008f7ff5aa9d140173ec1ff4d7ff001dff00ebd1f60ffa6bff008eff00f5eaed14014bec1ff4d7ff001dff00ebd15768a0028a28a00a5a9ffcb3fc7fa553a28a002b668a2800aa5a9ffcb3fc7fa51450053a28a2803668a28a00a5a9ff00cb3fc7fa553a28a002b668a2800aa5a9ff00cb3fc7fa51450053a28a2803668a28a00a5a9ffcb3fc7fa553a28a002b668a2800aa5a9ffcb3fc7fa51450053a28a2803668a28a00a5a9ff00cb3fc7fa553a28a002b668a2800aa5a9ff00cb3fc7fa51450053a28a2803668a28a00a5a9ffcb3fc7fa553a28a002b668a2800aa5a9ffcb3fc7fa51450053a28a2803668a28a00a5a9ff00cb3fc7fa553a28a002b668a2800aa5a9ff00cb3fc7fa51450053a28a2803668a28a00a5a9ffcb3fc7fa553a28a002b668a2800aa5a9ffcb3fc7fa51450053a28a2803668a28a00a5a9ff00cb3fc7fa553a28a002b668a2800aa5a9ff00cb3fc7fa51450053a28a2803668a28a00a5a9ffcb3fc7fa553a28a002b668a2800aa5a9ffcb3fc7fa51450053a28a2803668a28a00a5a9ff00cb3fc7fa553a28a002b668a2800aa5a9ff00cb3fc7fa51450053a28a2803668a28a0028a28a00fffd9, 2, 14, 15, 0, 0, 0, 0);
INSERT INTO `users` (`id`, `com_name`, `com_email`, `com_contact`, `com_password`, `com_logo`, `type`, `kg`, `km`, `ufast`, `fast`, `reg`, `slow`) VALUES
(13, 'Fedx', 'Fedx@gmail.com', '0944646163', '123', 0xffd8ffe1070d45786966000049492a00080000000c0000010300010000003c00000001010300010000005000000002010300030000009e0000000601030001000000020000001201030001000000010000001501030001000000030000001a01050001000000a40000001b01050001000000ac000000280103000100000002000000310102001d000000b40000003201020014000000d10000006987040001000000e80000002001000008000800080080fc0a001027000080fc0a001027000041646f62652050686f746f73686f70204343202857696e646f77732900323031393a31303a31392031383a30333a333800000000040000900700040000003032323101a0030001000000ffff000002a00400010000003c00000003a00400010000005000000000000000000006000301030001000000060000001a010500010000006e0100001b010500010000007601000028010300010000000200000001020400010000007e0100000202040001000000870500000000000048000000010000004800000001000000ffd8ffed000c41646f62655f434d0002ffee000e41646f626500648000000001ffdb0084000c08080809080c09090c110b0a0b11150f0c0c0f1518131315131318110c0c0c0c0c0c110c0c0c0c0c0c0c0c0c0c0c0c0c0c0c0c0c0c0c0c0c0c0c0c0c0c0c0c010d0b0b0d0e0d100e0e10140e0e0e14140e0e0e0e14110c0c0c0c0c11110c0c0c0c0c0c110c0c0c0c0c0c0c0c0c0c0c0c0c0c0c0c0c0c0c0c0c0c0c0c0c0c0c0cffc00011080050003c03012200021101031101ffdd00040004ffc4013f0000010501010101010100000000000000030001020405060708090a0b0100010501010101010100000000000000010002030405060708090a0b1000010401030204020507060805030c33010002110304211231054151611322718132061491a1b14223241552c16233347282d14307259253f0e1f163733516a2b283264493546445c2a3743617d255e265f2b384c3d375e3f3462794a485b495c4d4e4f4a5b5c5d5e5f55666768696a6b6c6d6e6f637475767778797a7b7c7d7e7f711000202010204040304050607070605350100021103213112044151617122130532819114a1b14223c152d1f0332462e1728292435315637334f1250616a2b283072635c2d2449354a317644555367465e2f2b384c3d375e3f34694a485b495c4d4e4f4a5b5c5d5e5f55666768696a6b6c6d6e6f62737475767778797a7b7c7ffda000c03010002110311003f00f544e993a4a592492494a4e993a4a5264e99253fffd0f544eb80eadfe3273f03aa6660b30697b316e754d7bac702437f3880c5d3fd55eb96f5de8edea16d4da5eeb2c66c612e1ec76cfa4e0d52cf0648444e43d26baf7553ae924b9cfae3f5a727eae8c23463b323ed6f7b5dbdc5bb76867d1dad77efa6420672118ee54f4692e59ff5c329a0fead5e9fca3ff915d3d4f2fa98f3a173418f8855f0f338b35fb66f877d387767cfcae5c201c82b8aeb512d99249d329981ffd1ad93d572fa47d73ea999894372aef5aeafd27b5cf1b5c585cedb57bfdbb16cd5f5d7eb3755751d3fa3e3e3e26636b75996fb06d6021df418db9dfa36ed757f4ff496589beadbdbff008e675400899c991fdaa566f5fc1e9787f5c735bf589b70c1cc27231eda09065c1be47d46b36d953dadfe6ff46b4bd12908985c8638c81f9afc383f4973b1ff008e46553d12ff00b4d35b7add177d9f66be99001df94580bbdb5ec731f5b5ff00cefd0f62e7feb3752fac5975e051f5831c536b1c6fc7b03766f63f635cd731ae7b7757fe7aaf9b8385674afdb5d1f13229c3c6c8155b664d82c0ff00ceadedd83f47535e195ddff19b15cfae5f5ab13eb03ba7bb1ea7d2cc69f55d640fd2d9e9eea5847d2f4dac4618e31983086e65c47f4b19af954f49d3faae574faed6d1436f0f76e71735ce82046df62dab3afe561f50663e756c6e33da1edb981d3b48f6bb692efa2ffd1d8b1ba675e774baed632a6dbea3b7eaedb1036c70e577ad653bab66d1d3f118d7d950dee748d1c5bb9ccdff00e8d8dfa7ff0008b92c198c70030ca4e4063c38b874f51f93fafc6ed67c2259cfb9840c721332cdc5afa631fd67f5381d2e8dd573ba9dd6bcd4caf0eb2435da9793f9ace767b59fce2d7eeb07eabf52ace3bba7d80577e3490de0b9b3ee91fe958ffe71687ed277a7bfd2d77444f6fa5bb8fdd56fdfae538fdd3ee11c5c55fa77fcdd7fcc69fb17ce707b43db078786ff00c9f0ff00397ff8e3ffd2f516d1436c36b6b6b6c772f0d01c67f94879781839d58af371ebc9634c86dac0f00f88de0ab0923677b52218d8eda3eccda9831f6edf44346cda7f33d3fa1b50a8e97d371a91463e2d35521c5c2b6d6d0ddc797ed8fa4aca4959eea61e851fe8d9fe684edaaa619631ad3e2000a4926d0ec1367b9622aac3b786343bf7a04ebe697a5546dd8d899881cf8a924950ecab3ddfffd3f5549249252c924924a5249249294924924a7fffd9ffed0edc50686f746f73686f7020332e30003842494d04040000000000071c020000020000003842494d0425000000000010e8f15cf32fc118a1a27b67adc564d5ba3842494d043a0000000000e5000000100000000100000000000b7072696e744f7574707574000000050000000050737453626f6f6c0100000000496e7465656e756d00000000496e746500000000436c726d0000000f7072696e745369787465656e426974626f6f6c000000000b7072696e7465724e616d65544558540000000100000000000f7072696e7450726f6f6653657475704f626a630000000c00500072006f006f006600200053006500740075007000000000000a70726f6f6653657475700000000100000000426c746e656e756d0000000c6275696c74696e50726f6f660000000970726f6f66434d594b003842494d043b00000000022d00000010000000010000000000127072696e744f75747075744f7074696f6e7300000017000000004370746e626f6f6c0000000000436c6272626f6f6c00000000005267734d626f6f6c000000000043726e43626f6f6c0000000000436e7443626f6f6c00000000004c626c73626f6f6c00000000004e677476626f6f6c0000000000456d6c44626f6f6c0000000000496e7472626f6f6c000000000042636b674f626a630000000100000000000052474243000000030000000052642020646f7562406fe000000000000000000047726e20646f7562406fe0000000000000000000426c2020646f7562406fe000000000000000000042726454556e744623526c74000000000000000000000000426c6420556e744623526c7400000000000000000000000052736c74556e74462350786c40520000000000000000000a766563746f7244617461626f6f6c010000000050675073656e756d00000000506750730000000050675043000000004c656674556e744623526c74000000000000000000000000546f7020556e744623526c7400000000000000000000000053636c20556e74462350726340590000000000000000001063726f705768656e5072696e74696e67626f6f6c000000000e63726f7052656374426f74746f6d6c6f6e67000000000000000c63726f70526563744c6566746c6f6e67000000000000000d63726f705265637452696768746c6f6e67000000000000000b63726f7052656374546f706c6f6e6700000000003842494d03ed000000000010004800000001000100480000000100013842494d042600000000000e000000000000000000003f8000003842494d040d0000000000040000001e3842494d04190000000000040000001e3842494d03f3000000000009000000000000000001003842494d271000000000000a000100000000000000013842494d03f5000000000048002f66660001006c66660006000000000001002f6666000100a1999a0006000000000001003200000001005a00000006000000000001003500000001002d000000060000000000013842494d03f80000000000700000ffffffffffffffffffffffffffffffffffffffffffff03e800000000ffffffffffffffffffffffffffffffffffffffffffff03e800000000ffffffffffffffffffffffffffffffffffffffffffff03e800000000ffffffffffffffffffffffffffffffffffffffffffff03e800003842494d040000000000000200013842494d0402000000000004000000003842494d043000000000000201013842494d042d0000000000060001000000033842494d0408000000000010000000010000024000000240000000003842494d041e000000000004000000003842494d041a00000000034d000000060000000000000000000000500000003c0000000c006900740065006d002d0063006100720074002d0030003400000001000000000000000000000000000000000000000100000000000000000000003c0000005000000000000000000000000000000000010000000000000000000000000000000000000010000000010000000000006e756c6c0000000200000006626f756e64734f626a6300000001000000000000526374310000000400000000546f70206c6f6e6700000000000000004c6566746c6f6e67000000000000000042746f6d6c6f6e670000005000000000526768746c6f6e670000003c00000006736c69636573566c4c73000000014f626a6300000001000000000005736c6963650000001200000007736c69636549446c6f6e67000000000000000767726f757049446c6f6e6700000000000000066f726967696e656e756d0000000c45536c6963654f726967696e0000000d6175746f47656e6572617465640000000054797065656e756d0000000a45536c6963655479706500000000496d672000000006626f756e64734f626a6300000001000000000000526374310000000400000000546f70206c6f6e6700000000000000004c6566746c6f6e67000000000000000042746f6d6c6f6e670000005000000000526768746c6f6e670000003c0000000375726c54455854000000010000000000006e756c6c54455854000000010000000000004d7367655445585400000001000000000006616c74546167544558540000000100000000000e63656c6c54657874497348544d4c626f6f6c010000000863656c6c546578745445585400000001000000000009686f727a416c69676e656e756d0000000f45536c696365486f727a416c69676e0000000764656661756c740000000976657274416c69676e656e756d0000000f45536c69636556657274416c69676e0000000764656661756c740000000b6267436f6c6f7254797065656e756d0000001145536c6963654247436f6c6f7254797065000000004e6f6e6500000009746f704f75747365746c6f6e67000000000000000a6c6566744f75747365746c6f6e67000000000000000c626f74746f6d4f75747365746c6f6e67000000000000000b72696768744f75747365746c6f6e6700000000003842494d042800000000000c000000023ff00000000000003842494d041100000000000101003842494d0414000000000004000000033842494d040c0000000005a3000000010000003c00000050000000b4000038400000058700180001ffd8ffed000c41646f62655f434d0002ffee000e41646f626500648000000001ffdb0084000c08080809080c09090c110b0a0b11150f0c0c0f1518131315131318110c0c0c0c0c0c110c0c0c0c0c0c0c0c0c0c0c0c0c0c0c0c0c0c0c0c0c0c0c0c0c0c0c0c010d0b0b0d0e0d100e0e10140e0e0e14140e0e0e0e14110c0c0c0c0c11110c0c0c0c0c0c110c0c0c0c0c0c0c0c0c0c0c0c0c0c0c0c0c0c0c0c0c0c0c0c0c0c0c0cffc00011080050003c03012200021101031101ffdd00040004ffc4013f0000010501010101010100000000000000030001020405060708090a0b0100010501010101010100000000000000010002030405060708090a0b1000010401030204020507060805030c33010002110304211231054151611322718132061491a1b14223241552c16233347282d14307259253f0e1f163733516a2b283264493546445c2a3743617d255e265f2b384c3d375e3f3462794a485b495c4d4e4f4a5b5c5d5e5f55666768696a6b6c6d6e6f637475767778797a7b7c7d7e7f711000202010204040304050607070605350100021103213112044151617122130532819114a1b14223c152d1f0332462e1728292435315637334f1250616a2b283072635c2d2449354a317644555367465e2f2b384c3d375e3f34694a485b495c4d4e4f4a5b5c5d5e5f55666768696a6b6c6d6e6f62737475767778797a7b7c7ffda000c03010002110311003f00f544e993a4a592492494a4e993a4a5264e99253fffd0f544eb80eadfe3273f03aa6660b30697b316e754d7bac702437f3880c5d3fd55eb96f5de8edea16d4da5eeb2c66c612e1ec76cfa4e0d52cf0648444e43d26baf7553ae924b9cfae3f5a727eae8c23463b323ed6f7b5dbdc5bb76867d1dad77efa6420672118ee54f4692e59ff5c329a0fead5e9fca3ff915d3d4f2fa98f3a173418f8855f0f338b35fb66f877d387767cfcae5c201c82b8aeb512d99249d329981ffd1ad93d572fa47d73ea999894372aef5aeafd27b5cf1b5c585cedb57bfdbb16cd5f5d7eb3755751d3fa3e3e3e26636b75996fb06d6021df418db9dfa36ed757f4ff496589beadbdbff008e675400899c991fdaa566f5fc1e9787f5c735bf589b70c1cc27231eda09065c1be47d46b36d953dadfe6ff46b4bd12908985c8638c81f9afc383f4973b1ff008e46553d12ff00b4d35b7add177d9f66be99001df94580bbdb5ec731f5b5ff00cefd0f62e7feb3752fac5975e051f5831c536b1c6fc7b03766f63f635cd731ae7b7757fe7aaf9b8385674afdb5d1f13229c3c6c8155b664d82c0ff00ceadedd83f47535e195ddff19b15cfae5f5ab13eb03ba7bb1ea7d2cc69f55d640fd2d9e9eea5847d2f4dac4618e31983086e65c47f4b19af954f49d3faae574faed6d1436f0f76e71735ce82046df62dab3afe561f50663e756c6e33da1edb981d3b48f6bb692efa2ffd1d8b1ba675e774baed632a6dbea3b7eaedb1036c70e577ad653bab66d1d3f118d7d950dee748d1c5bb9ccdff00e8d8dfa7ff0008b92c198c70030ca4e4063c38b874f51f93fafc6ed67c2259cfb9840c721332cdc5afa631fd67f5381d2e8dd573ba9dd6bcd4caf0eb2435da9793f9ace767b59fce2d7eeb07eabf52ace3bba7d80577e3490de0b9b3ee91fe958ffe71687ed277a7bfd2d77444f6fa5bb8fdd56fdfae538fdd3ee11c5c55fa77fcdd7fcc69fb17ce707b43db078786ff00c9f0ff00397ff8e3ffd2f516d1436c36b6b6b6c772f0d01c67f94879781839d58af371ebc9634c86dac0f00f88de0ab0923677b52218d8eda3eccda9831f6edf44346cda7f33d3fa1b50a8e97d371a91463e2d35521c5c2b6d6d0ddc797ed8fa4aca4959eea61e851fe8d9fe684edaaa619631ad3e2000a4926d0ec1367b9622aac3b786343bf7a04ebe697a5546dd8d899881cf8a924950ecab3ddfffd3f5549249252c924924a5249249294924924a7fffd9003842494d042100000000005300000001010000000f00410064006f00620065002000500068006f0074006f00730068006f00700000001200410064006f00620065002000500068006f0074006f00730068006f007000200043004300000001003842494d04060000000000070008000000010100ffe10f3f687474703a2f2f6e732e61646f62652e636f6d2f7861702f312e302f003c3f787061636b657420626567696e3d22efbbbf222069643d2257354d304d7043656869487a7265537a4e54637a6b633964223f3e203c783a786d706d65746120786d6c6e733a783d2261646f62653a6e733a6d6574612f2220783a786d70746b3d2241646f626520584d5020436f726520352e362d633134322037392e3136303932342c20323031372f30372f31332d30313a30363a33392020202020202020223e203c7264663a52444620786d6c6e733a7264663d22687474703a2f2f7777772e77332e6f72672f313939392f30322f32322d7264662d73796e7461782d6e7323223e203c7264663a4465736372697074696f6e207264663a61626f75743d222220786d6c6e733a786d703d22687474703a2f2f6e732e61646f62652e636f6d2f7861702f312e302f2220786d6c6e733a786d704d4d3d22687474703a2f2f6e732e61646f62652e636f6d2f7861702f312e302f6d6d2f2220786d6c6e733a73745265663d22687474703a2f2f6e732e61646f62652e636f6d2f7861702f312e302f73547970652f5265736f75726365526566232220786d6c6e733a73744576743d22687474703a2f2f6e732e61646f62652e636f6d2f7861702f312e302f73547970652f5265736f757263654576656e74232220786d6c6e733a64633d22687474703a2f2f7075726c2e6f72672f64632f656c656d656e74732f312e312f2220786d6c6e733a70686f746f73686f703d22687474703a2f2f6e732e61646f62652e636f6d2f70686f746f73686f702f312e302f2220786d703a43726561746f72546f6f6c3d2241646f62652050686f746f73686f7020435336202857696e646f7773292220786d703a437265617465446174653d22323031392d31302d31395430393a33303a34322b30353a33302220786d703a4d6f64696679446174653d22323031392d31302d31395431383a30333a33382b30353a33302220786d703a4d65746164617461446174653d22323031392d31302d31395431383a30333a33382b30353a33302220786d704d4d3a496e7374616e636549443d22786d702e6969643a34363631333333372d303466662d346434632d383865312d3562616136613065653339332220786d704d4d3a446f63756d656e7449443d2261646f62653a646f6369643a70686f746f73686f703a63366439623334322d353436362d663334322d613637652d3435653665363464343832662220786d704d4d3a4f726967696e616c446f63756d656e7449443d22786d702e6469643a4242334443463241303241333131453839463145434136304144393543414642222064633a666f726d61743d22696d6167652f6a706567222070686f746f73686f703a436f6c6f724d6f64653d2233222070686f746f73686f703a49434350726f66696c653d22223e203c786d704d4d3a4465726976656446726f6d2073745265663a696e7374616e636549443d22786d702e6969643a4242334443463237303241333131453839463145434136304144393543414642222073745265663a646f63756d656e7449443d22786d702e6469643a4242334443463238303241333131453839463145434136304144393543414642222f3e203c786d704d4d3a486973746f72793e203c7264663a5365713e203c7264663a6c692073744576743a616374696f6e3d227361766564222073744576743a696e7374616e636549443d22786d702e6969643a66393939613366662d663536382d613334372d393331362d353631633164643931636133222073744576743a7768656e3d22323031392d31302d31395431383a30333a33382b30353a3330222073744576743a736f6674776172654167656e743d2241646f62652050686f746f73686f70204343202857696e646f777329222073744576743a6368616e6765643d222f222f3e203c7264663a6c692073744576743a616374696f6e3d227361766564222073744576743a696e7374616e636549443d22786d702e6969643a34363631333333372d303466662d346434632d383865312d356261613661306565333933222073744576743a7768656e3d22323031392d31302d31395431383a30333a33382b30353a3330222073744576743a736f6674776172654167656e743d2241646f62652050686f746f73686f70204343202857696e646f777329222073744576743a6368616e6765643d222f222f3e203c2f7264663a5365713e203c2f786d704d4d3a486973746f72793e203c70686f746f73686f703a446f63756d656e74416e636573746f72733e203c7264663a4261673e203c7264663a6c693e38363032324537334434464636324437443639343733313935333332394434303c2f7264663a6c693e203c2f7264663a4261673e203c2f70686f746f73686f703a446f63756d656e74416e636573746f72733e203c2f7264663a4465736372697074696f6e3e203c2f7264663a5244463e203c2f783a786d706d6574613e2020202020202020202020202020202020202020202020202020202020202020202020202020202020202020202020202020202020202020202020202020202020202020202020202020202020202020202020202020202020202020202020202020202020202020202020202020202020202020202020202020202020202020202020202020202020202020202020202020202020202020202020202020202020202020202020202020202020202020202020202020202020202020202020202020202020202020202020202020202020202020202020202020202020202020202020202020202020202020202020202020202020202020202020202020202020202020202020202020202020202020202020202020202020202020202020202020202020202020202020202020202020202020202020202020202020202020202020202020202020202020202020202020202020202020202020202020202020202020202020202020202020202020202020202020202020202020202020202020202020202020202020202020202020202020202020202020202020202020202020202020202020202020202020202020202020202020202020202020202020202020202020202020202020202020202020202020202020202020202020202020202020202020202020202020202020202020202020202020202020202020202020202020202020202020202020202020202020202020202020202020202020202020202020202020202020202020202020202020202020202020202020202020202020202020202020202020202020202020202020202020202020202020202020202020202020202020202020202020202020202020202020202020202020202020202020202020202020202020202020202020202020202020202020202020202020202020202020202020202020202020202020202020202020202020202020202020202020202020202020202020202020202020202020202020202020202020202020202020202020202020202020202020202020202020202020202020202020202020202020202020202020202020202020202020202020202020202020202020202020202020202020202020202020202020202020202020202020202020202020202020202020202020202020202020202020202020202020202020202020202020202020202020202020202020202020202020202020202020202020202020202020202020202020202020202020202020202020202020202020202020202020202020202020202020202020202020202020202020202020202020202020202020202020202020202020202020202020202020202020202020202020202020202020202020202020202020202020202020202020202020202020202020202020202020202020202020202020202020202020202020202020202020202020202020202020202020202020202020202020202020202020202020202020202020202020202020202020202020202020202020202020202020202020202020202020202020202020202020202020202020202020202020202020202020202020202020202020202020202020202020202020202020202020202020202020202020202020202020202020202020202020202020202020202020202020202020202020202020202020202020202020202020202020202020202020202020202020202020202020202020202020202020202020202020202020202020202020202020202020202020202020202020202020202020202020202020202020202020202020202020202020202020202020202020202020202020202020202020202020202020202020202020202020202020202020202020202020202020202020202020202020202020202020202020202020202020202020202020202020202020202020202020202020202020202020202020202020202020202020202020202020202020202020202020202020202020202020202020202020202020202020202020202020202020202020202020202020202020202020202020202020202020202020202020202020202020202020202020202020202020202020202020202020202020202020202020202020202020202020202020202020202020202020202020202020202020202020202020202020202020202020202020202020202020202020202020202020202020202020202020202020202020202020202020202020202020202020202020202020202020202020202020202020202020202020202020202020202020202020202020202020202020202020202020202020202020202020202020202020202020202020202020202020202020202020202020202020202020202020202020202020202020202020202020202020202020202020202020202020202020202020202020202020202020202020202020202020202020202020202020202020202020202020202020202020202020202020202020202020202020202020202020202020202020202020202020202020202020202020202020202020202020202020202020202020202020202020202020202020202020202020202020202020202020202020202020202020202020202020202020202020202020202020202020202020202020202020202020202020202020202020202020202020202020202020202020202020202020202020202020202020202020202020202020202020202020202020202020202020202020202020202020202020202020202020202020202020202020202020202020202020202020203c3f787061636b657420656e643d2277223f3effee000e41646f626500644000000001ffdb008400010101010101010101010101010101010101010101010101010101010101010101010101010101010101010202020202020202020202030303030303030303030101010101010101010101020201020203030303030303030303030303030303030303030303030303030303030303030303030303030303030303030303030303ffc00011080050003c03011100021101031101ffdd00040008ffc401a20000000602030100000000000000000000070806050409030a0201000b0100000603010101000000000000000000060504030702080109000a0b1000020103040103030203030302060975010203041105120621071322000831144132231509514216612433175271811862912543a1b1f02634720a19c1d13527e1533682f192a24454734546374763285556571ab2c2d2e2f2648374938465a3b3c3d3e3293866f3752a393a48494a58595a6768696a767778797a85868788898a9495969798999aa4a5a6a7a8a9aab4b5b6b7b8b9bac4c5c6c7c8c9cad4d5d6d7d8d9dae4e5e6e7e8e9eaf4f5f6f7f8f9fa110002010302040403050404040606056d010203110421120531060022134151073261147108428123911552a162163309b124c1d14372f017e18234259253186344f1a2b226351954364564270a7383934674c2d2e2f255657556378485a3b3c3d3e3f3291a94a4b4c4d4e4f495a5b5c5d5e5f52847576638768696a6b6c6d6e6f667778797a7b7c7d7e7f7485868788898a8b8c8d8e8f839495969798999a9b9c9d9e9f92a3a4a5a6a7a8a9aaabacadaeafaffda000c03010002110311003f00dfd6c348b28fa0fa01fd3f03fc3debaf75dd96dc8516ff0001c7fc53dfa83d3af75d109fea413fe23e9febf1c0f7ea0f4ebdd7ac9fea57fe49ff008d5b9f7ea0f4ebdd7804ff00523fc3d3cfe7fc3f23dfa83d3af75cb48fe83fdb0f7ea0f4ebdd7b48fe83fdb0f7ea0f4ebdd71b0d7fa57f4ff417faff005b5fdfbce9d7baffd0dfd6f600dc8e07d07fc547f8fbd0e03af75dfe0ff8fd38bdbfa5adfeb7bdf5eeb89bdff3cf3c5c7fb7fa9ff8a7bf75eebab9fe8ffedf9ff7af7eebdd760f2386b7e3fa7d0fd381efdd7bae771fe3fed8ff00c52fefdd7baf5c7f8ffb63ff0014bfbf75eeb86a1aff00e41ff89ff6def5e7d7baffd1dfd79d23ebf41f436fc0febc0f7a1c075eebb1f8ff0061f9b7f5fc0fcfbdf5eeb8b5aff8fa0fc93fef5cdffc7dfbaf75c78ff69ff93bdfbaf75d8b7f87fc9dfef20fd7fd6f7eebdd72e3fc3fe4b3fef7f8f7eebdd7b8ff000ff92cff00bdfe7dfbaf75c78d7f8fd3fe3fd7fa7fbefe9ef5e7d7baffd2b04f95ff00f0a46efbf8edf27fe45f4261fe2df4e6e4c0749770eeceb2c4ee6ccf676f6c66573f43b7658129b2b91c7506d0ada5a2abaa8e5d4f1c523a211c311c9cb3e54fbba6c5cc3cb1cbbbecdccf791cf7b671ccc8b0c6caa5c64026404807191d184764ae8acce4545719ff00379fdbfe4eaf5bf955fcdedd3fcc27e21607e496f1d89b6bae73797dff00d99b365db1b533794dc586869f61eecaedb94d5b164b318ec5d7493574747e4914c21518d9491ee10f74792adbdbfe6d9f972d2f64b8852de1935ba856fd540f4a292315f5e924d1185ca1ff0057a7f2fd9c33c7ab1b6e08b1fadc7fbd7b8efa6baa57fe713fcd1fb23f968d2fc66a8ebcea0d8fdb0fdedbbf7d6dacc2ef4ddb9edaebb760da543b4eae96ab18f83c2e60d7cb5a7714a245944613c4b62751b4c5ed3fb67b7fb8907394b7fbb4d6a76cb133a7868afe2111ccfa5b532d056202a2a68c4f90055d95b0ba9ede266215e689091e42470848f522b5031f6f41b65ff9c1767e2e1ac91ba53af58d353cd3a2bef3dc6bafc51338074e00dae56def8cabf7f2e70f012797dbedac022b417539341e80c4013e82a3ed1d74fa0fb80725cf751dbafb8fbad0b85afd25bf991ff0ff009f57afb672d267b6d6dececd0c74f2e6b0789cb4b044cf2c504991a0a7ac786391c233c7134c406201205c81efa4fb3df3ee7b46d5b948815ee2da294a83500c88ac402684815a034cf5cc8de6c536bde376db2390bc76f732c4188a1611bb20240a80481520134e9eff00e2bfd38e6ff9ff0089f663d16f5c6ffb9f5fec7f4e2f7ff5eff4fc7bd79f5eebffd3063b17e5576afc32fe729f3d7bb7a67aa36c774ef7ff004d7defb186c7dddb5378ef4c47f02dc996d9d90ca675709b115f712576325dbd046950b68238ea24590fee2fbe856dbcafb5f387b3dc89b2ef1bacb6765f456b2f891c91c6da91640abaa5eca1d64d3892011c3a3958d65b7851890280f90eac876bff003a9fe661f30321d61f1bfe13f4f7c7ae8aef8c46c2dc7bfbe43e7fb070b3ed6d9182ccd06e49a9d36ded9c376766a91b6a622971195c445533e4a0afcb65f335cc29a0a4a38259cc7973eccfb6fca49b9f31739eefb85f6c4f3a456a9137892b2941deed0a9f118b2c8404291c71af733bb05e9836d0c7a9e42c52b8ff0050e97bff0041217696cbf84bda3fe93facbaeb1ffcc2bacbb966e854db119ca45d6394a4a1a2ca546e1ef7c8e02833194c92e1f65cdb7abb195f89a1cacb4f90cf1a4fb2aa1455aa602fff0081d76bbce74db3f766e570dc817367f55afb7c6524a85b6572a06a903aba3b202b16bd6bad3babf460c8ba49f088afcfeceaa13f999fc90fe629dcb82f8a1b13f98ef51e3fafb7b6073d9bee4e9dde345b569763d4ef8ebfec04da182cae0737b5715b8b7461f1f9cda15f434724d1bcd4594a44ac8e2aba40ceb33cadc83cb9edeecf6bee15f7b77bb35c5949b6dc5bdc465cca22962b7b86565764462b202d4346462a4a3e2816d8a42b7962d0b547d55b83e79f193abdde82f955da3f1c705be71bd7bd4db6fb2e8b70e6a2dc393a8ceed7ddfb826c757d26169b1d16369e7db08d053433d351ac9e39bf735bb301a4fbf94bf667de5e73f6bb62dcb6fe55e4cb2dd60bbb859a469edee2631b88c46115a12a8a0aa86a48c3249a8535ebb3fef07b25c95eee6fdb0ddf3673cddecf716901823586e2d600e8f2990c8cb7075315662ba9314001c8eacf33df3e3b37a57e40e03aebe40ecad9586ea1dc7b6e877361bb0b6a6377753650e0733868aaf1b966c36472193124783cfa498acb51c71fdcc123453a031b2abe68ee7f796e6df6fbdcbdb3963dced8ac20e47bab449e3bdb68ae51fc2963d51c9e1bcb2d44528fa7b88c2ac8ac75a828143e14ed9f75ee4df717dacdd39b3dace63dc6e39f6d2f1ede5b1b992d5a3f1e294ac9178b1a474334056e6da566f0dd43c4dde0b289bf0dfe55f787ca9de9bff3957d7fb33677446d4afc862f13981fc7eab79e633551325461702d552644601abb0d81923a9ccc91425229ea61823172eca2ff0061fde7f70bde6dfb993719396ac2c7db8b291e38e4a4cd7524ac43450eaf14c25e28887ba2a945668d1477b1406fde0bd90f6dbd92e5de57dbadf9ab71dc3dcdbe8924962fd05b48a1505669f488fc7092cc1a3b45670cc91c9239a6953623feecfcff009bff00636bff005ff7c6fef29bcfac4bebffd4363fcb7b2944ff00f0a5ff009df45057d33d58aff97093d24553119fc71eede9d774961572e112689490458328fc8f798dee246e3eeddc8cec874e9b0a1a7fc2ee3fc87f9f465391f4510ae71fe0ff0067f9f44bfe7b747fc5ee95fe719f28319fccdb09dd50fc71f9075390ef2ea0df7d33595f439a9abb7062f6c474b571c10e3abebb78e236fe471197c06528a8a379f1553f635322fdb4cae067c89be733ef1ed0f2ccbedacd64798ac00b69e3b800a808cf515d4046ce1a395198d1c6b51dc29d3b0bbb5ba1829ac60d7a26bdd3d23d2dba3e2b27ce6f84df1dbe45f5d743f4dfc8ec5f58efbdebf21fb3b15da783de94f0fda66f65ee6c243b6b110c1b5764e137563e830db9ab1ea2a29696bb37151176929a778c61b36f7bcdb7349e49e73e60dbae37dbcdbda68a3b485a068f8ac88c5d8979190bc90ad0332c45e9465ab88efe218a523553141fb7fd58e07cba339fce47f9a9f53ff322c9fc45afeb5d8dbb3aff0001d37fc706f7ca760262a8ddbb67b226ebfa9c975cedcc8e3abab68b398cda785dac2acd633d3cb5e95914c94d1c685982bed57b5fbafb75b4fb8a9b8df45713de585c78622d47f421b6baa4ce080559d9f4e9c84d241624d3adedf0343776209a93776f4ff9cc9fe1eaee3e347cecadf895b77b070d85d8fb7f7e2eebdc116ea926c86f09b012514f4381a3c40a08a0a6c465d6a5674a057f25d18162b6200f7f2c7ec5fde42e7d95e5dde36cdbf97ad7714beb813967b968990ac4b1685558e40d5080d6aa6a69e87aecb7be1f766b6f7d798796eff72e63bbdb0d8db1b6023b559c3abccd2eb25a58b4d0b91a72282b5153d197f9a7d9993f98fdd3d5bf1b3a676fe0371ee9d9b8caadcd9ecb4190a19a3a3dd596da9065739b7a0dd0864a7a1da7b6f10d0a64276b255e626a5a7d225a7b19b3ef05cd77fefc73e7267b55c83b55bddeef63134f34aaea556e65b7f125845ce552da08c6995c9025baf0e2d21e11584feeefc9b67f77ef6ef9d7ddef70b74bab3d9770996de18991d4b5b4572d14339b63467bab897534082a62b459a5a9497060ff00961fc8ddbb5bb0735f1bb70d0d0ed8ec4ea039ec85161bed531b98dcfb797295936765c863ddc4b26f7dad9e965a4cb06b4928782720eb90aca5f73ff74b6d9f95b70f6af74b34b3e66d8ccaeb1e911cb3c25dda5f11307eae0975a4e080cc0a48357ea1114fdf37da3ddedf9a36df77b69b992f394f7ef02379b51922b69fc341088e4181677300596d48ed52258b1a501389fecc8643fbb9fc6ffb8c9f7bfde3fe1bfc3bf8f47e2fe07f6ffc4ff8b7dcff000ff26bfe15fb97f1f83c5fe51afc1cfb9cbfd76eeff74fef0fead8fa9facf0fc3f1c53c1d3e278bab457fb3eef87469fd5d5e1e7a803fd682d3f7c7eeefeb31fa6fa3f13c4f00d7c6d5e1f85a7c4a53c5edf8b5eafd2d3e263afffd5df3283626c8c6676af75633676d5c76e8c8fdc1c86e4a0dbd88a4cfd71ad689eb0d66620a38f21546ade0432eb91bc851755ec3da97bebd96dd2d64bc95ad969442ec545385149a0a795063add4f0ae3a4976df43f4977ee0e936d778f51f5af6fe031b57fc431b88ec9d95b777a50632bed186adc6c1b831d904c755c8912abc90e87741a492a48f6b369df77ad8677b9d9376b9b49d850b4323c648f42508a8f91afaf5b5774354620fcba5152f5c75e63762af57e3b61ecba0eb35c254ed91d7545b5b074db146dcac8a482af6fff007460a18f6f8c2554150e92527dbf81d1d8152090533ee3b8497dfbd24bf99b72d61fc62ec65d6321fc4275ea040a356a29c7ad6a35d553abd7a0ff0062fc62f8dfd63b4297afbaefa13a7765ec7a1cd57ee5a4da5b6fad768e2b014fb8b288916473f1e2a93131d20ccd6411471c955a7ccd0c691ead08aa0c2ff99b98f74bb92ff71df6f27bd68c465de69198a0ad1092d5d193dbc2a49a549eac6472c18b9d43cebe9c3a1206c5d9048beceda8791ff30ee23ebcf37fb3fadc7b040e5ae5c1c397ecbfe7045ff40f472799f994f1e61beff9cf2ffd07d38e376cedbc2cef5586dbd83c454c913c12546331341413bc0f2a4cf0bcd494f0c8d1bca818adc82e01fa8f6aacf67da76f91a6b0daeda098a905a38d10904d4825541a120123854578f496f379de3718d61dc376b99e10c182c92bba82050101988a8048078d091c3aee1db5b729f2673506dfc24199692795b2f0e2a822c9b4b54ba2a646af4a75ab67a94f4c8755dd7eb71efc9b46d315e1dc23daedd6fc963e288d049561463ac2eaab0c31ae7cfaf49bceef2d90dba5dd6e5b6f01478465731d172a3416d34539514c797587fbabb67c1f63fddec27d9fddff0012fb4fe1545f6ffc435ebfbef0f8347ddeafedfead3c7d38f74fdc9b3785f4dfbaadbe9fc4f134f869a75d6bae94a6af9f1f2e1d5bf7e6f5e37d4fef6b9fa8f0fc3d5e23eaf0e94d15ad74ff0047879f1ebfffd6dfdd7e83fd61fef5ef4380ebdd7bfaff00c53fc3fde7defaf75c5ff1f5ff006f6fcafbf75eeb8f3fe3ff00250ff7bfcfd3dfbaf75e17d43ebf51fd3fa7f4fc71fedbdfbaf75cbfdf7fb0e7f3f8e3fde3fd7f7eebdd7bfe2bfefbfc7fdf5bdfbaf75c7fb7ff0020fd2ffed56fa7f5bfe7fafbd79f5eebffd7dfdd7e83fd61fef5ef4380ebdd7bfaff00c57fc3fde3defaf75c1ffe2bff0044ff00b63efdd7baf7e6dff44ffc47e07bf75eeba1fabf1f51fef47f3fefafefdd7bae5ff15ff8a7fb0bff00c4ff00adefdd7baf7fc57fdf7f8ffbebfbf75eeb8dbd7f8fd3fd39ff008a7d3f1fd3debcfaf75fffd0dfd81161c8fa0fc8fe9ef5d7baf5d79e47fbe1fef3efd51ebd7bae2ec38e7fde40fcafbf547af5eeb8ea1feabfe4f5ff007bfcfd3dfaa3d7af75e0c350e7f23f23fa7f4fc71fedbdfaa3d7af75cb52ff0051fedff1cfe7f1c7fbc7fafefd51ebd7baf6a1fd47fbeff79e7fe35efd51ebd7bae371aaf71f4b5b50ff0055fd2ffef3fd7dfbcebd7bafffd9, 2, 10, 16, 1350, 1350, 900, 600),
(14, 'expo', 'expo@gmail.com', '1231213', '123', 0x89504e470d0a1a0a0000000d4948445200000398000001f408030000006fbf728700000060504c544500398d043f915c81b6104895d4deecbdcde23463a5eef2f7dee6f07e9cc5104594295ba0f6f7fb184b984a73aeffffff3b69a8c8d5e6a6bad77293c021549c9cb4d4e7edf589a5cc527bb30942931a509b426dac688bbdb5c5de93adcfaec1dcc5fa89a3000024d949444154785eecd6474e03410045c1e9c9393806d2fd6f498f05deb1000c42a8ea0e4fff27d39f03fc9d30016182300161823001618230016102c2046102c2046102c2046102c2048409c2048409c2048409c20484090813840908138409081384090813840908131026081310260813102608131026204c1026204c1026204c1026204c4098204c4098204c4098204c40988030419880304198803041988030016182300161823001618230016102c2046102c2046102c2046102c2048409c2048409c2048409c204840908138409081384090813840908131026081310260813102608131026204c1026204c1026204c1026204c4098204c4098204cfabeaf0e511e3d6da2a29a7e1fc254629de745516cf6fb63d36cd3341dcbb2ec869b8766997e1cc25462552dcbd37edf348fe3f830cf5db76618922409219ca32c1a6edae492fe449a0893431d5b7c793e6e1f4f737919a22c3bbf69db762df16359b81cfbe93e10267d1d97718d712c638d21b90e626cf0f3c2a99ebe0e61d21fea7cd93c6fd3b1eb7697213b87e8dae3772473357d1ec2a4ca8bcd719b9eca5dfbbe8dd17027e1f40f0efdaa9a7e01c27c65d75c741c0761281ae394265047a49087f3fcffbfdc9d8c66d59546bb7d91528dcf1f60e9e89a0ba76351af9defb50e64b675152906bcbeeb0271382f7eaab47376c339d7abb25bebe228376711334e4436dd5469e44fbecfc71f1c99f9bc4c5530fc85d9e02f48f77e5973d147c47c9e92eb879196200346da051edf295f4e79a39cc57f8f07193263c7a9c91f3b9a206216f5b953e34088ccfcbd932266b17a8d78e57c0cb321edd7fb6a6741c4cce772aa2cfd272365959d950540ba0904b07d77939b8288d9e66ba9ec400c600cbd08b3bc45582e0ee1ae1919e0a13a5fe7a620627e38a9113eab9d97f2067972f0011e99928130cda9b7cc6d71a82fc88fed49c4dc95b65e940e9881a1d763aae4c7d55404488f8119baa54dafed6bb7067e724e5b6b874bacb5da39a5ca65ad45cce8b473a72cff06919280bbb4b5ac4bfba432ccb02df3840af879f1ca0d973f9bffe6cf0b50a645cca89c0e65af3163a484c80e294f6cee870ce95960167c9dc0a98ad5f72e980caeeb97d9899831f101f186e655c42c16679e3c2fc3a45e9a9ac7ba9934e116917425c6b622663cce809420d0a4da8e791be5120e837f55dd553493a3db3726a345cc781c35538a983ecdad5f113045c140e88efb9f28efaa70ebc62489199f052851eaf4b46cc6a8bf9f10f4ba778535e2dd6fd5186a1133166d404a82f4bfe4159d66a6b830ab62c7038d43c6b421622686674a159892ba5a968199e2c3c3b24ffaaf8a1e8c7f1c44cc58e403fe62efccd61cc5952dac201805c2cc1018c3fbbfe5d9ceac6a4e563a8d2d0909a7b52efba2bf7215bf428a618538ac28390e9653632a478634ec9f9fedfa4243f4c7c581b9933c10c715c241da65cb4910096382a6ddf9f7d48d96b732af1c98fb28207164e1211240f124401815d2d4ed390d8320b4081d983be92c01e69b8d7e454963a1d00b61b957cfd219b5fd1e9a1d98bba8dde2d2d54ccac24eff05895daeb38bd67a0f4b1c98567a0bec0b12cb5c3620ec88ef90fa0a86f512ebc03cae7a268e2ec8ad1633bb148435811769ce2ca3e6ee08d63b307750dca038ba78185badf282dd160b8d29a02c69e0252acd0ecc1ac4e1858d6ff3e8b25ce58542dbaf5ff6e85a02cf81a95fa54007e67df524ec8a34fdfcd8e3fc457ab31c980389e30b479b60e6202c8b520d64667303281c98afa10b8917104f2dbe31e3948b5f40a69faf58baabece1556c81e9464c82235cf649f5686a1b781f4f6ee6c630cd88d93c9317120710152ab9d9ce23daf1d88c1c987ad5a55cbc82c066a5ac652f5fcbbda4248403f3759480780d050e4c851c4b82241c982f24bf41f10ae2560d122b7aed7b43e781100ecc57d204c2dd6425923f96847491295487204c80d9957392247de9c05456c9b9780561eafb65e967d61ee2f4c255a34ad0fe39f3d3699942a0abd48d171c983989d75013a6e3d884b5ff6efe0eea83a93d918197467f46c6c5a7202d7f0398eeed84abc44fe21f229158899a011747d1932e2bd964668c9473aeab81d08119156405422202002222fcd0b80a3f444407eb31a9d961d07caa37b1cbe9e5da941c983398049208809118d3b4c873cff3ae79826ab9ca5fb55c35277d3d1e6c62ba6fe83097d9c72f0d7101b69a212207a6acba140dd0f81917c7b0f0a664ae2e4119c7d129db0ce63f9671b8259391f2309d18543d5c0c4bc15ec9f588603a8b6724620cc7343c0ff55c05719765ba66b7c9922fd772940c363dba29a4b4994ca6c58129275fe05e2f4812613e25f352c6d91ea60a3bbc5fa22a99a6a90ff4a5b0ed17750341560b3b9d03f30825004400c0262dbca42ae32e53368637e8cb1ed7296700c04491c47a72d8f6bff98be096fb076d83e92c9e9100c67098faaad4f3e6ef0aba5bcdd6aa2e1989f0efa3786cefbc7b655ed9f02942341432d7786955888103d396c533272014cdb99e035fa75f540ee62e499790a158c5a1d5d3bf880038865e3dcfd532cf89978e8234edeba630b21b2f8f3f3dcddeb7b7008941731e92aaccccdeb251e7a4495423fd03d48f6fd8f60930391bcff5f2e58d1d5fea21e48c84baa0dae4928475f1d28169d4e29973221a8ba95ffccc46ba186a7d19b0f3f7c618aa7f7418a187db60f2f926de5d300f23e7aa095e9e1f315eaae7cf1d983dc8c7496a8aa10fba6cbfbe0714f785ba8ee2a5818d37acc45d96435ac7a72c2eabaa5afcf83b9c8b979262a3dc184bc44bf3f21d98062c9e1189281d92cab75d2f244db6ec33e253131c25e2235bdadb286aa79080ae4abdf9069bd534824ad8a4feae1f29bdfd5e0bf62e16cfc478134e6dd9edef72cb4d8d67d6749333fe730b76c2b6a365dbc5530ac0d71c50537737cec6b9e0b0cb90897f98213538670ecc5d2d9e51e4755b9a718a2443a9f8cc23bc0dd7cf1dd8d946f1179af96333087da5959afed681560dd2419337fef6dfa07d61e0c07c461e3dc9252e868ebe28274336b3d10012f7c4ec5e628a44dd9d12718b5d08e79bc5c65c164d58244ac07a84afb06c88bd85c533f487b33a810d2f4795b90bc440e25043cacb93ffd3164da2f34d57902a04d4f97ccbce20f6148148c5c322cf81b9a3c5330da69e0a3319dacb578624118fef350b42da9e4eed9db40bdd5edb1e2582f4154c328ff61c4ca06698830ac5a3c2227360eeb63e9a37b1212e838daca7b66a66d08034f513dda62ebee6d4f8fdb5edcbcd5f2de795d5995ddc466c2cea4b743dd49e00337460eed75b40d5213daf50be9ab98c5c9e7a1f6f85cbcbfa6afd599c4fd1ada0e9c974ea951225605971e2f97fa337018ac7153930f7b27886e9a0f32e20db585221aa9c4639ddbca46603935e74993c4f26b6a646460944d15f7bbc64c0741173afde021e7647753a01b9647ccfb9d242ca16bedf50d778b92112952499dbc36fe5c8f7c032acbfe6c2ca67c08c1d98fb583c235e0c71e98f4f7f9bb91497806aae35714adfc2e5cae59610938d7b8c6cc2330e493b95347a4bf76f5c46850bb70353a2ab4c25c5a2ae018cd857d484aa57f8845600205d9efcd323789986b975c877dfae0b74736e7ce60e4cebeba331d5f17a8fe332b8b4735fd7b5377c684aaae0eb49bc104acc25763b5e18a83ddd56d770f129c2ba7b3e1b4a79ac9e93a322db75db05e7c2bbdc7c21b60e4cfd5ac888a55296759def07d59cd4439efe4fe3283827c6187c8a018e6951079d64c05ca3da7ef6c77cfce9abaa38ffd33410486543a1e894333754643b7a9112a5abebbd8b98bb2b7bb2b760bd753da4282e836aeeeb69388729025dc5ff27bcea966fd7daa9d6ad0163bf9b7694839e3dc94b034474fe9bc7b93c6b1b02a1afda28c9c36ea3042c2f4ee1dcdd790c3830ad273efd8782637969e7da3b1761da080e8c01d183c73fb149094c415e24c1a532f65d5b27c15f6ce3868b270569a9e8c2c41b7fa7b5474445159d4e0ecce3ae8fa6fa471c3f82639b245e5e8cfc2afa103e7d70b3e4936f590f22281ecdc8c767d825bb94e520b54440cd1f93a7fec61f414e1cceed46b9d981a95b896ac0cca232a8fac41bce45da08600044a867346862d2ce54b18a2db9fa104b424242f4fd7fdd33593013d0182db75e2f6707a6cd4ae16a7316757e192cd73c4ed18ca3109c00880851eb62b9960b49c143eb8ce390f6591412206a9a220e10e5c05c48681142d16e035038302d5b3cf3f39cd4de700e1bc13e8323a2d02efc4c7e768d34e8346c9319483ec268eb4bed42d2b5502f4eb914987ea3054ca4748e1e1965775959bd2a49c25d9d014804479957a6473b9a7e07a3243ed8c4122e2d7249df2c2499e44f966be112c6ba7b6cf382780b30ddfa681ad6a4e44eae4fe5284d3dd47badb4e545a6f07ae369acf381c9697890a19909d72b6bc0e2d9be30ec545bca90e6bb960d325cae006c148665c56a95a3938a6c2da22a0bd256e541e4a64bf4f716d817a69df2d012e272e748529a868256c29f572e2d5b48801969685de7bcee94a693dc3ca67ed70efbe261a47ed7e663b9317e292bf0765965482250ca2341be5615d584103e3141548178428d0353f6a0b32ff03606fd6403d01a2f55c46fce7fa9524169f0fd25dce0d3e7454b1ac265a43a05e13c7ff4ef03b12f98b5aceca43c7bdc6d5d6849605ca49987d057cc0250fd79deaa8249e953730a5d830e4ca3eba3d5a5ee5dec372ac18d4d1bd60092a21b0ca9b5110ac8bb5b87e7539d3ff31abfe485e03dfcba94e803e183b3af944ca5d917d56ab99455d44b702901a6f2a415f3b29be939fe0c52170db35e9cf7bb7e4834393065d747db57ac2d758c8b0497d257d92845c92895641a1a407c851bc66aeeb76f5727250eccadbe63c392b41e0d94323534fa1b3622724963bd3d3f90e848033491f23d08ceb1c2fa46750b7f07664b288e2af236be7679af110ff6dc58ee8f5c2b97f1530198e71bc92219efa16d85289e11ab1c981b16cf26a572a8462157a268c8b6377329f85dab634f8996172bd51bd3b5126e7ddbbaa046835107660fe2b88265c3c64f361ee9e2b2c8743edb61d2d399c52a35f72dce6703dea7a27460daea2d501ffad27b8c50a5954bc445e7b31dbc4c4b478d40df2754e1729129ba355c5f9fb103b306715c5111e99d82412cb7efb1ea81a592c202f21f9b6c8a273df26295841e89c5c4d58b8ac8812965f16c5fe06d9ccb52bd799d260f1c12adce673b859da6d91fa85b301d2f4f598afa16d23b30071246a59e0b5954bbcefd9ce9e1320d246287cc3e94e8d902ee1472c35c4a648199e7c0fc51172e0ead65c3344c42b891ae946868952f6dac421168f3156d142eb25c2c8626ed297160ca8d61dad7e86fec3191911e2ee9dc697db6d3ac2f3fd7ec90ced2ef3a86950353f228b6afcbed271c1ce0f51b697db64372d2373e362a993d4849a23c33960ecc1f14a55c1c5a6bd67363d5a369d194691dc384e1189d59207bbdf4513caba67360ca593cdb17f5a79b5a0ccca9c9c6b78b0c976174c72acc20979eb9895e2c4e0e4ca57e4e75e9779e9cc1229988b3de91003efa27f58cacbaa088ccb5a9d0e4c0947c16d81778070cf648ade691803b058a6c00614ad8f8ca772ff5db9003b344f17a60da3f55685c249eed0a891f63a24a7d1f957a0bbb033327717451b2114a6c707991081d92a74f66d25b026a93831038c60e4c89f5d147cdcaae8aaccc77535ade7f6b71897e60bb5caab7ae76294ad4812307a66c52c1be2ef72048e5c8d4dfeeb3aa661a2d6fe31c844195ea01533dafe7c09c411c5e78df11b86cb8692ecfbec44880e4f6db2505a31520b3a3f6303b30256f1ff605d3761b9849b13c9258a72cc74337110973a230530f98eaadc10eccfa1502266ea5ef2ba3646eb8acca6cf0a1e1360fdd9c9a7562e2172900a47797f23472604af516d8173ee0a2d61bfc7cd9b41154b2a7df8494de443dee4340d3a667d24a486ebbe24b82e97a0b04527da8ae429ab46dd45915dca0f2e28de66eb16beb91891ae62aea0f08a6b378c6afba192ec7f6f4803243470c52b23d43c755bfcef8d27b2998b71385dab4991b95c701d3f51620120030469cf3b1f9a39173ce1800addf230718bd47cf70238d0688c91e79eeb0f0a6be9f2fcbd2f7bd97878d00e036b2df9de18029d2c881b9e11565263c1211605a9c87694a92b6aaaaf2af82aa6a9364ba7e96041f1ac32179fc40ed0c341a705e3df0859204eff4458896dc7b4d6711613a3930ed593c730e40383669ee25ed52fa7174e79cccbad82f3f146f9cdfc61b0d08db979ba1537701d3bfae6415b40e4c3b16cf9c80615a0c755f95f1de29e6665f32a95914bed0e38b66d359446c4a07a6d9de0224224291e6537f297d430f894070b19fe0a1af6822f1a2e26164dafd94ce2707a6b1de024460d814f93407717632aa85ef4726a5818a17957da937c7699f4aa3c48129b13e5a328591e6c97cf1ed64dbe6ddc884307ea5ddbf667b702e24e4543a30771ebde5c0684ccf5e7f89a3ccaa7d91552e2f24de2760aabb9fa6990373af4f08119140845ed296ddafbda0431ebfcaeedf4636251b199f5082fae4c0dce313e2c44834e13407be19266d5d2621cf1edcfd6b7f422e44d3e35e9deca2380a1c981a7b0b5628d38f04cfe958caf48f15d310bd8aa13d266baedd94bbeb44ea5e090e4c758b674e84d8e449bb265d0fa5aed04c264c0ffeced93a9750b7c603e685735d3759076602d2391e919ebdb68c4ec7959f925e2e1f3eedd07aef8ea43d108ebe85feb1d28129ef15b58a88c4b93ecaddd594d7085292490c245a116229791502cf7cb68d7feb2e70604e4c3c2d1c92f5ee7a702d236ae3729638edecf5d45de430c140fa222bdd5101ad03534303150da71752ab891184f9755c5a60928d5fbc9005609da551379475600e240c18665b5434e80a5e95c49e2b4ba23c3b65a1e1210f8fe41d5a4e5fe5c05cf84e95bc5f57cbe495c4276a4994c6b2a7034f25829772e13670606e54db643fd1377032f222894dcac6b51a46b768745c795d50aa3e58e2c06cc94006cda67ad0c6081412ce263684b828d4fa03f32efed03a303554dbe07001d3d0e6656a8207abec76b9a44abed1921799f11703a69103f3ab1230d0e16c5117bde36c241ecacb4ac60ecd451d5fce4232313fc9c3fa930353dde299acdd3becfb8b20d5db01a5b2cda5caa038ca75fd540ab3afbc891d98ea89110a5f26251b87fa1181a133626ba6de043133c9328b840295268e7f4dbc1d98a501bb6c8b8a64464bd453402dd8e41267a57434eb2d3424c70e4c758b674cbb3728602af8e345210a6b22ac243a4754f76d7521695c91e2c05c08d57d80df707719d17c502b591a1735df4392c9c94667506bb67760aaf416ac2d258790d59d5f30659bfda2b657cec768eab9b7566d75ccb238307b303bcf6ad1bcd2440ac87ef73a9ce3d3aa9264c2d762dcc86df41d981a2c9eb54c0144d95745a6ed9ed545e1ed0b586ccd7b1de96b185fa478793a819079a075a79803b3361130afd4457e592e6d3bd7ffd3900fc3702efed57918f2a1aeebb95d4a3f8a3223d3d1eacfb91baa49d8118859ddda84e799e10c1b1f6307a6fa5a0d14fe0330c671595e96b9af3def7c4e575f4b2282abe8bbfefe67bc2a3d7bf5bca86c37e90cf4ded0ad1e9952a02d1f91e0db1bdb80d94fe481de9d620e4c0f343fd4233f58e6649af23c0c47010ce01334a98560044c84f954ca7be319104dd141bcd789a64e875d1dab9e3c00d77cac1e035b0766c0b538266551ec07d55c7b79da3442f03fa10f51cfd613c99ae904c6b32dab1b840541ba68c9c9e0f8dc4918ab7229e8eb49e0c0cc72920a11ff3f3e567d3de5458affc5463cc8b6f1048cd727d69abe7911d69d9e6429854f3d1f4ae5ca10e42707a6068b672caf117299eba148d391030320c4a36d4f6d09cd41215acbe35e447920e3bcacde285b35a46ee4e7c0fca22ce44242cd3484823e85466e6d7091726a3327c424b3381f8d505452fd96eab5fe7ea3502c916b7260f6247b3ca3302ae8650c2e8c0abcc856c0044ae748e350284ccfa46351fd3e1439308f617ababf4f669c92b5869bc22c9844e736926ac8511f1c2a0b752e11839303d37edb9891a5899d8dd577d404c6e7a3898477c94e273b60ce23e9cfec39307d5b1e6ebbf78865765cb00867a3dbbd90f122595b3d4c83d979445a56ab3830a52d9eedab3452c054771c3115301191d27ad9fea8a7bdc0ac52d0f23b829303f3753790632591d3b2201a9e0e9832e392406358079df456237523ae78235cca5a253830b333bc1298ed1385359b57f4e78b070dc013452744022ca6f9e11bc4bc4bb9646e0877c9ea39305b12bf13cc0051bc8e781107f3746e46c47b5d8c88440024449ad78b1f295d8cd41b0c2e67225d2b1c1c980aeba3ed8bf78f5b55bed40fa3e54f6be372ed342ed25130c6d6d11b82ab181769980f537ff19fce94f824e1237937a3540e2b96ba1f980ecc04c42b896a09ab4ae35236d789e2b25c96b6effbdafb54d2f77db504a5df49262fbb06b5ae2a283d411afb461c982f1d5704b60626bd2c08e623ce29f0f30f8139bb780270bf7df90ecc09c4eb83f9fabf8ba7dd21db486efbff456daeb319138ac881a968f16c5f97d7baa0ab1726d4a5e0c48e63f08dca604a8934efee7460aaf516d817c68f950650d893014f33636b0b78f3a570dc2d75485ab114bc294f0e4c354f47fbc2870c8817b4c3a5fd4796fe1d2a88c3f2e18696754132849ca1fedd9d0e4cc5dda2f605c91127bdc4f107841516d7128ec5e09d432148e26529b12bce813983782dd1e89b9af4d2fe09da371fafb890145e65ea71edc0ec52142fa6566273868c5078069d9af9c50898ddf812492f0766fd7201737e64d28b347089eda94534c56561aa36462ff0b67660fa237f35307b33a70d7e3c7c2e23092382cad41c11884389792707a67a0ddebe707b96b607d4c2e55581195b120aa3f74cf6817727c51e5fdaabcae8edc00c50bc9cf822b1fa5f8ecbabfc108cdc03deb3319afdcc65d60e29b0ab309c8237033327f1728261ff9d5e48ad84b5b8bcd060e3cbdac86e5f34fd7cbc16c0f0ecd57ded85c070f0df004ca5d8625f186caefe57cffb48b8322a889277ccf7e1cf3fbbf3182be632fbd300588f0cfbe38269bf0de4f8f6955da18dcb5513ed4da6c94ed178c4a3d749fc908d7d765a154fc0a6ec5dc0ec41bca478b5eba4177e6f4449f625934d6f387ecbf9fc737b082bcad357b5824d6f02669772f192a2b344954e86cb552de706baf1dee91f9e44fbb303153b77dfeb3c82cd16c174bd05dbe269bcdf1d006f4f7b2e2319b89b1b520bf6b9bc334fd2b38f5c58990ff95543527d3c362b10e53b80e98b57156ffcdd767a21b512fbe594bbf10ccbbab50384fe9da697cfb5510bc3f35521673cf988246c7807303dfa6d605e38d7cee52a7fafca3c3fbf5dc3170dd19d9bdc9f66a005d24f00b26a14f1c7159c82df0f66c0c5ab8ac26e27eb22bce75ad2e58047efc6933098352f4e497677bb55b082f9a9e533f193b0faf78379a6d705339798f492e772550db88b37de7bdd9768bcfbb7bcb0e2f42f98f1c8fd6ba047d34bfa98b37856ed5f8bf2ddb85cd5131af83526d459ab614358de3ffd58fd0d4c7f04ff73bf676918ccb7b7784644fa2bbef1566c6edd6427b61f97ab5a411b6c3fdf8d672c08a8772eaa0bc1dbf8bd0354ff82994df0f96f5ed3fccbc14ce8102cfec11100c6312dfe2a6d90ddd910c0925d8ae6f890c145d0dc23139b14edae363ff85617129bf78302cabf6036c155d59c03fb0472a6fa77831937dc6260840feac43836699e4f75df5641e0fb71f457b1ef07553f9d1b8100fca1d44f4bfb72b9cabfd3d3cec72ac46733ccd67c1b7b304e2614db57d186ba3f60922022426294ced9e761f2dbc1ac99712089001889342df2c1abfb79b9f87e763fed1195ed744e19e0e68a8b0571672e57451efd6cf61693b5f9fde35f9b389fa26d1652f2ff82d92449e271de077fbf93f69783198c261f8d883886676f4ae6ea12f8f1934f2a7fa943c4ffacd9086f0054367cf7f7e5aa2ce1fcf677573d5d8640e15b5def8f469b7daac79a1f822f6fcc9c25eb5142c9af06b3c67dcb54048ce1d884c579a8fbf652765da65212c8fc7e4839232262e9457277903a97abaa916e72f97c15828677d926c5c97becd2eec1fc05cc92af9d51032dbf1bcc7d1239f4a1261caeefc6a5f4238d05ba6e49bc3ccf934eda124f9dcb556501f82d1e04a753163e19ba3f6ae9ef103321ad1edee2307ccdcad6ec6ff5326bc6d881f9f85263065c346978f6ea7929fd78e551b3b2db71d70353efcb55d1c4e90bda50f857604794d80a6b53b391597922ef61a24a6ae22f6076e9dfca66c5bccc81b91d220900c630f73eafabd6ae6326e3e5aacb19f80a18d6914c72982f27dbaa0cf800fe1f7b67b723290844614a0411d012ff4b1d7dffb7dc98deec64ff66c7a65d986ebfdbbeebe44b490ed401b91da90a64c34f6262075ce0cec83abcc4fc604402e7535b8dcdba89b4b7189495b8ffbcbc075bcf9cc38e2e1271d72d07aa2c06c7493859cba2c9f000f5f7db041b3378a364b2bf99da3fb798c3dd077806ed3e22bbbd663c0ade78202f77dc909473b9ace9815ed8f83a3bfa53771a691a1d1ea364c94f1313ddc41a8bbd612b3eb798f5f1a942c4795bee874865311edca4fd73122f2cbe931e3b627263310ad682ced212e48647719c0d8898891f46a742a01d598901c48c779d2c014c726eea34b31819ca90b797e1b69cc38091e0e65386260733583c4e07bfff3559c28c7a7631557be096403137abe83146acf78b125803c48211b628db9cd3e3b59cf21eef620558b25f022a36097c7631b3597f6a501666ce379561ac2c7042d5a607c3a19e656830225c49f4582d8b45e1bdac9cc9ee5d4dd514ac72185cccf0954f042493fcadc700780ea8906a6ce6c0cc6c154645271ff83d0b7cf11249cc8c99a6764a29d1250583a6c7171073651fa407a00b9374dec164fc6fbd29c147a346d01ef50061e9f31674f10088a63c453f6c5d69c68ab66d89b15b1ef502628a82ffc54a3655c91a200b09109440694f89a2a8f81c0ea343e5adffd4e4601a850f40e463658c9c93357d95b62f5bd11f1311b9bc779e454eeadb8d4395c2331012be702f649ab7443e5612c955e1a3b0bdea5faa1f73855fe2269864d2a501a40cb5b386daf4b4c09eb847355268542eef5653c3346e16a3257e31ada41f526aa26ae99cc5f838afa344eb13c518383fb0e92f3a6c376ad2fa78260c3277e8c325263ac3f86d529a710d3029430725bac6131106fe25e61bc68c6b0c6747d4d48c9b4464e8c92526ba923392c9202c4688df1ac9f02bb0d4f8b199345b8c1bbb2d063ef9377302b3d4372b2f31bd71c2290c41f8c25d38bd6bd1e61fe6f55463fca8b7c614f40f3bf7dfcdb229447c71312f5c71c0cb60ef93bb82bcdf7b85c70da3e48cf4dfd2352ec7401f5d97984f77739d8c0afcd09156fc3af4625daa426bda21be73dbca3d554b277adcb9c4bcc87c5bb7f4ff8af655091eefbda2c2ee76969594a66da59473b9e4b5eb2dee5c625e78acf80971beb3cb9f134d58bfb17747cb6dc24000452d0b230cd86b80000b4efcff7fd9873cb49349db4c2460e3b9e71feed8c06a253f530845938510e403c2c479c31325f1c6cf5e53691ee4991026e22f8d76936ce931abfd1f4c1066fcf47dfca5b79bca7217353c6f1f6122eb35e12df19bbd02f28783fadfab8f0b79268489b044aff879c8e6c2b16a5feed5fba706d5db93754998381ee25ffceca01e44243ca6bceffbdb588b01204c43d7c6b9a3eca9ce9a4c4098bc90b5fe990284c984ac9f1b0108d3d86e676d25291026eaabb9891f1026bae82ea75a920261a2556feca8170813591f7da9d749920261a25e5cfce541d6803079c0bc4b5a204cb4656c97e656ec80303952e2fb4cac016172a4a495b44098e8cc4d168030d1aab5dbf6409828fad2d864010813f555ad4d1680307136375900c2c4a92c8ded2c006162c8a31f30070108d3d6f5b4fed28835204cce7abd8801204cbe94d81e5d076172ad972e416c016132f253ce995803c2e4dee817310684c91f59d74962204c3c34b2cba596b4409808b9465fb7670c089319597d4862204c343eb2cbb3a406c2c4a44f76361a84c92c9e4f7f361a84893aee5089f7af921a0813a3bbc470a3a406c2c45095515d4e921c08139db376361a84896c2ead2ddf0261a273d6966f813031cc3ea24b3d4a7a204c9c35a6cb7c90e4409808b95a5bbe05c2441bf384a96fb202102626b5b67c0b84892c6248566f415600c2c458468cc836b206102616b5b67c0b8489acf7cfb37c0b84c93b59bdd5b20a1026bac377bb5c6df9160813935a5bbe05c244c84b6bcbb74098182affcdb3d1b5d802c224ccd2def22d102661ae79361a8489907b73cbb7409838ea37ba3cca9a4098189db9d17510268abefcf9d77a8130b9e54b5b310684c953a63bcbea4098a83b55739305204c3c72e7bfbc142fc826409818ee5a5ebec2cf8d6c05848947e5fc17baf4ad6c078489a1f36a6ee2078489d3a2fa9f2eefb56c0c8489b77fff9f75d71dba04616238cffad734352f640f204c145def3e4f53e74c7602c244d6cd9fa5a97d23bb026192a65e3e70d5ce5d8230d15cdd872ea742f606c2c4e8f58f2ce7510c0061e2b53a5cdea95e1b31018489a27befd22fedaff6e9d80400100802982062f9ad1c82fb6fe91a0ac90ea967202663a7679d591f414c404c101310131013c404c404310131414c404c404c10131013c404c4043101310131414c404c10131013c404c4043101310131414c404c10131013c404c404c404310131414c404c101310131013c404c404310131414c404c404c10131013c404c4043101310131414c404c10131013c404c404c404310131414c404c101310131013c404c404310131414c404c404c10131013c404c4043101310131414c404c10131013c404c404c404310131414c404c101310131013c404c404310131414c404ce002d7e9b0a34eedc9e60000000049454e44ae426082, 2, 9, 13, 0, 0, 0, 0);
INSERT INTO `users` (`id`, `com_name`, `com_email`, `com_contact`, `com_password`, `com_logo`, `type`, `kg`, `km`, `ufast`, `fast`, `reg`, `slow`) VALUES
(15, 'pronto', 'pronto@gmail.com', '121445', '123', 0xffd8ffe105f745786966000049492a00080000000c0000010300010000003c00000001010300010000005000000002010300030000009e0000000601030001000000020000001201030001000000010000001501030001000000030000001a01050001000000a40000001b01050001000000ac000000280103000100000002000000310102001d000000b40000003201020014000000d10000006987040001000000e80000002001000008000800080080fc0a001027000080fc0a001027000041646f62652050686f746f73686f70204343202857696e646f77732900323031393a31303a31392031383a30383a343600000000040000900700040000003032323101a0030001000000ffff000002a00400010000003c00000003a00400010000005000000000000000000006000301030001000000060000001a010500010000006e0100001b010500010000007601000028010300010000000200000001020400010000007e0100000202040001000000710400000000000048000000010000004800000001000000ffd8ffed000c41646f62655f434d0002ffee000e41646f626500648000000001ffdb0084000c08080809080c09090c110b0a0b11150f0c0c0f1518131315131318110c0c0c0c0c0c110c0c0c0c0c0c0c0c0c0c0c0c0c0c0c0c0c0c0c0c0c0c0c0c0c0c0c0c010d0b0b0d0e0d100e0e10140e0e0e14140e0e0e0e14110c0c0c0c0c11110c0c0c0c0c0c110c0c0c0c0c0c0c0c0c0c0c0c0c0c0c0c0c0c0c0c0c0c0c0c0c0c0c0cffc00011080050003c03012200021101031101ffdd00040004ffc4013f0000010501010101010100000000000000030001020405060708090a0b0100010501010101010100000000000000010002030405060708090a0b1000010401030204020507060805030c33010002110304211231054151611322718132061491a1b14223241552c16233347282d14307259253f0e1f163733516a2b283264493546445c2a3743617d255e265f2b384c3d375e3f3462794a485b495c4d4e4f4a5b5c5d5e5f55666768696a6b6c6d6e6f637475767778797a7b7c7d7e7f711000202010204040304050607070605350100021103213112044151617122130532819114a1b14223c152d1f0332462e1728292435315637334f1250616a2b283072635c2d2449354a317644555367465e2f2b384c3d375e3f34694a485b495c4d4e4f4a5b5c5d5e5f55666768696a6b6c6d6e6f62737475767778797a7b7c7ffda000c03010002110311003f00f554924925292492494a49249252932749253fffd0f554924925292492494a4924925292492494ff00ffd1f48eb599760f47cecda369bb1b1edb6b0e12ddcc639eddc06df6ee0b84e9df5efeb20a5ff6e38990fc9e957752c4763b5d353aa6bac6d5995eff00a2edabbaeb9897e6f45cfc3c700df918f6d5507181b9ec7319b9df9bee2b9be9bf51eae9ff0054727131f169abaee660bf1f22f0e27758e691b7d674ecadcfdbbf624a73fa3fd7ceb55bdffb546367547a67ed369c10edf5930198792ddcf6b6e7b9db147eaf7d78eb56f57c3a3a93bed38fd40fa61b5e2d957a4f73dedadfea59fe0b46d6f6d9eabffc222607d41ccc7b598edaebc7c2ea1d25b89d54d5610e198cfd23736b6ff847fa8d67fd342fabbf513ac53d5f0f23a956dc7a3a738d8d7d59365a6c7b5ef756cf4ecff03afa8ff53d3b3fc1a4a4183fe323addbd273acc86d0ccdc6c8a3d121876d98d6ddf63b4b59bfdcfaac6feffe7ad0caeb7f5f59f5acf42a5dd3da2c6bb2a9739afd314586b6fa8fddfd2367e66c59b97fe2efaeddd0ba6d6c14b7a8e1e4dc6e687c35f8f6dbf6b1baddbee7556b19b19fcb5d5ddd0f3ecfaf54f5bdac380cc0762b8eef7fa85ee7c7a71f476a4a79dbbebd7d67762dff0059f171f1ddf56f1727ece71ddb864bea0e153b283fe835dbdedf67feac5dff00daa8fb2fdb377e83d3f577ff00223d4ddfe6af3d7fd48fad6cc1c8faa94598c3eaf64e4faff6d713ebb692e6dc71fd2ff49bd9ff00a917a17d928fb27d8f6fe83d3f476ff236fa7b7fcd494fffd2f554924925292492494a4924925292492494ff00ffd3f554924925292492494a492492529249324a7fffd9ffed0dce50686f746f73686f7020332e30003842494d040400000000000f1c015a00031b25471c020000020000003842494d0425000000000010cdcffa7da8c7be09057076aeaf05c34e3842494d043a0000000000e5000000100000000100000000000b7072696e744f7574707574000000050000000050737453626f6f6c0100000000496e7465656e756d00000000496e746500000000436c726d0000000f7072696e745369787465656e426974626f6f6c000000000b7072696e7465724e616d65544558540000000100000000000f7072696e7450726f6f6653657475704f626a630000000c00500072006f006f006600200053006500740075007000000000000a70726f6f6653657475700000000100000000426c746e656e756d0000000c6275696c74696e50726f6f660000000970726f6f66434d594b003842494d043b00000000022d00000010000000010000000000127072696e744f75747075744f7074696f6e7300000017000000004370746e626f6f6c0000000000436c6272626f6f6c00000000005267734d626f6f6c000000000043726e43626f6f6c0000000000436e7443626f6f6c00000000004c626c73626f6f6c00000000004e677476626f6f6c0000000000456d6c44626f6f6c0000000000496e7472626f6f6c000000000042636b674f626a630000000100000000000052474243000000030000000052642020646f7562406fe000000000000000000047726e20646f7562406fe0000000000000000000426c2020646f7562406fe000000000000000000042726454556e744623526c74000000000000000000000000426c6420556e744623526c7400000000000000000000000052736c74556e74462350786c40520000000000000000000a766563746f7244617461626f6f6c010000000050675073656e756d00000000506750730000000050675043000000004c656674556e744623526c74000000000000000000000000546f7020556e744623526c7400000000000000000000000053636c20556e74462350726340590000000000000000001063726f705768656e5072696e74696e67626f6f6c000000000e63726f7052656374426f74746f6d6c6f6e67000000000000000c63726f70526563744c6566746c6f6e67000000000000000d63726f705265637452696768746c6f6e67000000000000000b63726f7052656374546f706c6f6e6700000000003842494d03ed000000000010004800000001000100480000000100013842494d042600000000000e000000000000000000003f8000003842494d040d0000000000040000001e3842494d04190000000000040000001e3842494d03f3000000000009000000000000000001003842494d271000000000000a000100000000000000013842494d03f5000000000048002f66660001006c66660006000000000001002f6666000100a1999a0006000000000001003200000001005a00000006000000000001003500000001002d000000060000000000013842494d03f80000000000700000ffffffffffffffffffffffffffffffffffffffffffff03e800000000ffffffffffffffffffffffffffffffffffffffffffff03e800000000ffffffffffffffffffffffffffffffffffffffffffff03e800000000ffffffffffffffffffffffffffffffffffffffffffff03e800003842494d040000000000000200013842494d0402000000000004000000003842494d043000000000000201013842494d042d0000000000060001000000053842494d0408000000000010000000010000024000000240000000003842494d041e000000000004000000003842494d041a00000000034d000000060000000000000000000000500000003c0000000c006900740065006d002d0063006100720074002d0030003400000001000000000000000000000000000000000000000100000000000000000000003c0000005000000000000000000000000000000000010000000000000000000000000000000000000010000000010000000000006e756c6c0000000200000006626f756e64734f626a6300000001000000000000526374310000000400000000546f70206c6f6e6700000000000000004c6566746c6f6e67000000000000000042746f6d6c6f6e670000005000000000526768746c6f6e670000003c00000006736c69636573566c4c73000000014f626a6300000001000000000005736c6963650000001200000007736c69636549446c6f6e67000000000000000767726f757049446c6f6e6700000000000000066f726967696e656e756d0000000c45536c6963654f726967696e0000000d6175746f47656e6572617465640000000054797065656e756d0000000a45536c6963655479706500000000496d672000000006626f756e64734f626a6300000001000000000000526374310000000400000000546f70206c6f6e6700000000000000004c6566746c6f6e67000000000000000042746f6d6c6f6e670000005000000000526768746c6f6e670000003c0000000375726c54455854000000010000000000006e756c6c54455854000000010000000000004d7367655445585400000001000000000006616c74546167544558540000000100000000000e63656c6c54657874497348544d4c626f6f6c010000000863656c6c546578745445585400000001000000000009686f727a416c69676e656e756d0000000f45536c696365486f727a416c69676e0000000764656661756c740000000976657274416c69676e656e756d0000000f45536c69636556657274416c69676e0000000764656661756c740000000b6267436f6c6f7254797065656e756d0000001145536c6963654247436f6c6f7254797065000000004e6f6e6500000009746f704f75747365746c6f6e67000000000000000a6c6566744f75747365746c6f6e67000000000000000c626f74746f6d4f75747365746c6f6e67000000000000000b72696768744f75747365746c6f6e6700000000003842494d042800000000000c000000023ff00000000000003842494d041100000000000101003842494d0414000000000004000000053842494d040c00000000048d000000010000003c00000050000000b4000038400000047100180001ffd8ffed000c41646f62655f434d0002ffee000e41646f626500648000000001ffdb0084000c08080809080c09090c110b0a0b11150f0c0c0f1518131315131318110c0c0c0c0c0c110c0c0c0c0c0c0c0c0c0c0c0c0c0c0c0c0c0c0c0c0c0c0c0c0c0c0c0c010d0b0b0d0e0d100e0e10140e0e0e14140e0e0e0e14110c0c0c0c0c11110c0c0c0c0c0c110c0c0c0c0c0c0c0c0c0c0c0c0c0c0c0c0c0c0c0c0c0c0c0c0c0c0c0cffc00011080050003c03012200021101031101ffdd00040004ffc4013f0000010501010101010100000000000000030001020405060708090a0b0100010501010101010100000000000000010002030405060708090a0b1000010401030204020507060805030c33010002110304211231054151611322718132061491a1b14223241552c16233347282d14307259253f0e1f163733516a2b283264493546445c2a3743617d255e265f2b384c3d375e3f3462794a485b495c4d4e4f4a5b5c5d5e5f55666768696a6b6c6d6e6f637475767778797a7b7c7d7e7f711000202010204040304050607070605350100021103213112044151617122130532819114a1b14223c152d1f0332462e1728292435315637334f1250616a2b283072635c2d2449354a317644555367465e2f2b384c3d375e3f34694a485b495c4d4e4f4a5b5c5d5e5f55666768696a6b6c6d6e6f62737475767778797a7b7c7ffda000c03010002110311003f00f554924925292492494a49249252932749253fffd0f554924925292492494a4924925292492494ff00ffd1f48eb599760f47cecda369bb1b1edb6b0e12ddcc639eddc06df6ee0b84e9df5efeb20a5ff6e38990fc9e957752c4763b5d353aa6bac6d5995eff00a2edabbaeb9897e6f45cfc3c700df918f6d5507181b9ec7319b9df9bee2b9be9bf51eae9ff0054727131f169abaee660bf1f22f0e27758e691b7d674ecadcfdbbf624a73fa3fd7ceb55bdffb546367547a67ed369c10edf5930198792ddcf6b6e7b9db147eaf7d78eb56f57c3a3a93bed38fd40fa61b5e2d957a4f73dedadfea59fe0b46d6f6d9eabffc222607d41ccc7b598edaebc7c2ea1d25b89d54d5610e198cfd23736b6ff847fa8d67fd342fabbf513ac53d5f0f23a956dc7a3a738d8d7d59365a6c7b5ef756cf4ecff03afa8ff53d3b3fc1a4a4183fe323addbd273acc86d0ccdc6c8a3d121876d98d6ddf63b4b59bfdcfaac6feffe7ad0caeb7f5f59f5acf42a5dd3da2c6bb2a9739afd314586b6fa8fddfd2367e66c59b97fe2efaeddd0ba6d6c14b7a8e1e4dc6e687c35f8f6dbf6b1baddbee7556b19b19fcb5d5ddd0f3ecfaf54f5bdac380cc0762b8eef7fa85ee7c7a71f476a4a79dbbebd7d67762dff0059f171f1ddf56f1727ece71ddb864bea0e153b283fe835dbdedf67feac5dff00daa8fb2fdb377e83d3f577ff00223d4ddfe6af3d7fd48fad6cc1c8faa94598c3eaf64e4faff6d713ebb692e6dc71fd2ff49bd9ff00a917a17d928fb27d8f6fe83d3f476ff236fa7b7fcd494fffd2f554924925292492494a4924925292492494ff00ffd3f554924925292492494a492492529249324a7fffd9003842494d042100000000005300000001010000000f00410064006f00620065002000500068006f0074006f00730068006f00700000001200410064006f00620065002000500068006f0074006f00730068006f007000200043004300000001003842494d04060000000000070008000000010100ffe10fa3687474703a2f2f6e732e61646f62652e636f6d2f7861702f312e302f003c3f787061636b657420626567696e3d22efbbbf222069643d2257354d304d7043656869487a7265537a4e54637a6b633964223f3e203c783a786d706d65746120786d6c6e733a783d2261646f62653a6e733a6d6574612f2220783a786d70746b3d2241646f626520584d5020436f726520352e362d633134322037392e3136303932342c20323031372f30372f31332d30313a30363a33392020202020202020223e203c7264663a52444620786d6c6e733a7264663d22687474703a2f2f7777772e77332e6f72672f313939392f30322f32322d7264662d73796e7461782d6e7323223e203c7264663a4465736372697074696f6e207264663a61626f75743d222220786d6c6e733a786d703d22687474703a2f2f6e732e61646f62652e636f6d2f7861702f312e302f2220786d6c6e733a786d704d4d3d22687474703a2f2f6e732e61646f62652e636f6d2f7861702f312e302f6d6d2f2220786d6c6e733a73745265663d22687474703a2f2f6e732e61646f62652e636f6d2f7861702f312e302f73547970652f5265736f75726365526566232220786d6c6e733a73744576743d22687474703a2f2f6e732e61646f62652e636f6d2f7861702f312e302f73547970652f5265736f757263654576656e74232220786d6c6e733a64633d22687474703a2f2f7075726c2e6f72672f64632f656c656d656e74732f312e312f2220786d6c6e733a70686f746f73686f703d22687474703a2f2f6e732e61646f62652e636f6d2f70686f746f73686f702f312e302f2220786d703a43726561746f72546f6f6c3d2241646f62652050686f746f73686f7020435336202857696e646f7773292220786d703a437265617465446174653d22323031392d31302d31395430393a33303a34322b30353a33302220786d703a4d6f64696679446174653d22323031392d31302d31395431383a30383a34362b30353a33302220786d703a4d65746164617461446174653d22323031392d31302d31395431383a30383a34362b30353a33302220786d704d4d3a496e7374616e636549443d22786d702e6969643a39616239303137312d363330322d646534622d396465322d6466313832393530623761392220786d704d4d3a446f63756d656e7449443d2261646f62653a646f6369643a70686f746f73686f703a62393761333139652d393136612d306434332d383630332d3038613165393232316466622220786d704d4d3a4f726967696e616c446f63756d656e7449443d22786d702e6469643a4242334443463241303241333131453839463145434136304144393543414642222064633a666f726d61743d22696d6167652f6a706567222070686f746f73686f703a436f6c6f724d6f64653d2233222070686f746f73686f703a49434350726f66696c653d22223e203c786d704d4d3a4465726976656446726f6d2073745265663a696e7374616e636549443d22786d702e6969643a4242334443463237303241333131453839463145434136304144393543414642222073745265663a646f63756d656e7449443d22786d702e6469643a4242334443463238303241333131453839463145434136304144393543414642222f3e203c786d704d4d3a486973746f72793e203c7264663a5365713e203c7264663a6c692073744576743a616374696f6e3d227361766564222073744576743a696e7374616e636549443d22786d702e6969643a65333364623738302d373366342d626634332d626165642d346461366133303430316634222073744576743a7768656e3d22323031392d31302d31395431383a30383a34362b30353a3330222073744576743a736f6674776172654167656e743d2241646f62652050686f746f73686f70204343202857696e646f777329222073744576743a6368616e6765643d222f222f3e203c7264663a6c692073744576743a616374696f6e3d227361766564222073744576743a696e7374616e636549443d22786d702e6969643a39616239303137312d363330322d646534622d396465322d646631383239353062376139222073744576743a7768656e3d22323031392d31302d31395431383a30383a34362b30353a3330222073744576743a736f6674776172654167656e743d2241646f62652050686f746f73686f70204343202857696e646f777329222073744576743a6368616e6765643d222f222f3e203c2f7264663a5365713e203c2f786d704d4d3a486973746f72793e203c70686f746f73686f703a446f63756d656e74416e636573746f72733e203c7264663a4261673e203c7264663a6c693e33423836453941303446394134304445394232423742413439383637364533423c2f7264663a6c693e203c7264663a6c693e38363032324537334434464636324437443639343733313935333332394434303c2f7264663a6c693e203c7264663a6c693e41393333323531434442424238344541383235444431303136314537454546313c2f7264663a6c693e203c2f7264663a4261673e203c2f70686f746f73686f703a446f63756d656e74416e636573746f72733e203c2f7264663a4465736372697074696f6e3e203c2f7264663a5244463e203c2f783a786d706d6574613e2020202020202020202020202020202020202020202020202020202020202020202020202020202020202020202020202020202020202020202020202020202020202020202020202020202020202020202020202020202020202020202020202020202020202020202020202020202020202020202020202020202020202020202020202020202020202020202020202020202020202020202020202020202020202020202020202020202020202020202020202020202020202020202020202020202020202020202020202020202020202020202020202020202020202020202020202020202020202020202020202020202020202020202020202020202020202020202020202020202020202020202020202020202020202020202020202020202020202020202020202020202020202020202020202020202020202020202020202020202020202020202020202020202020202020202020202020202020202020202020202020202020202020202020202020202020202020202020202020202020202020202020202020202020202020202020202020202020202020202020202020202020202020202020202020202020202020202020202020202020202020202020202020202020202020202020202020202020202020202020202020202020202020202020202020202020202020202020202020202020202020202020202020202020202020202020202020202020202020202020202020202020202020202020202020202020202020202020202020202020202020202020202020202020202020202020202020202020202020202020202020202020202020202020202020202020202020202020202020202020202020202020202020202020202020202020202020202020202020202020202020202020202020202020202020202020202020202020202020202020202020202020202020202020202020202020202020202020202020202020202020202020202020202020202020202020202020202020202020202020202020202020202020202020202020202020202020202020202020202020202020202020202020202020202020202020202020202020202020202020202020202020202020202020202020202020202020202020202020202020202020202020202020202020202020202020202020202020202020202020202020202020202020202020202020202020202020202020202020202020202020202020202020202020202020202020202020202020202020202020202020202020202020202020202020202020202020202020202020202020202020202020202020202020202020202020202020202020202020202020202020202020202020202020202020202020202020202020202020202020202020202020202020202020202020202020202020202020202020202020202020202020202020202020202020202020202020202020202020202020202020202020202020202020202020202020202020202020202020202020202020202020202020202020202020202020202020202020202020202020202020202020202020202020202020202020202020202020202020202020202020202020202020202020202020202020202020202020202020202020202020202020202020202020202020202020202020202020202020202020202020202020202020202020202020202020202020202020202020202020202020202020202020202020202020202020202020202020202020202020202020202020202020202020202020202020202020202020202020202020202020202020202020202020202020202020202020202020202020202020202020202020202020202020202020202020202020202020202020202020202020202020202020202020202020202020202020202020202020202020202020202020202020202020202020202020202020202020202020202020202020202020202020202020202020202020202020202020202020202020202020202020202020202020202020202020202020202020202020202020202020202020202020202020202020202020202020202020202020202020202020202020202020202020202020202020202020202020202020202020202020202020202020202020202020202020202020202020202020202020202020202020202020202020202020202020202020202020202020202020202020202020202020202020202020202020202020202020202020202020202020202020202020202020202020202020202020202020202020202020202020202020202020202020202020202020202020202020202020202020202020202020202020202020202020202020202020202020202020202020202020202020202020202020202020202020202020202020202020202020202020202020202020202020202020202020202020202020202020202020202020202020202020202020202020202020202020202020202020202020202020202020202020202020202020202020202020202020202020202020202020202020202020202020202020202020202020202020202020202020202020202020202020202020202020202020202020202020202020202020202020202020202020202020202020202020202020202020202020202020202020202020202020202020202020202020202020202020202020202020202020202020202020202020202020202020202020202020202020202020202020202020202020202020202020202020202020202020202020202020202020202020202020203c3f787061636b657420656e643d2277223f3effee000e41646f626500644000000001ffdb008400010101010101010101010101010101010101010101010101010101010101010101010101010101010101010202020202020202020202030303030303030303030101010101010101010101020201020203030303030303030303030303030303030303030303030303030303030303030303030303030303030303030303030303ffc00011080050003c03011100021101031101ffdd00040008ffc401a20000000602030100000000000000000000070806050409030a0201000b0100000603010101000000000000000000060504030702080109000a0b1000020103040103030203030302060975010203041105120621071322000831144132231509514216612433175271811862912543a1b1f02634720a19c1d13527e1533682f192a24454734546374763285556571ab2c2d2e2f2648374938465a3b3c3d3e3293866f3752a393a48494a58595a6768696a767778797a85868788898a9495969798999aa4a5a6a7a8a9aab4b5b6b7b8b9bac4c5c6c7c8c9cad4d5d6d7d8d9dae4e5e6e7e8e9eaf4f5f6f7f8f9fa110002010302040403050404040606056d010203110421120531060022134151073261147108428123911552a162163309b124c1d14372f017e18234259253186344f1a2b226351954364564270a7383934674c2d2e2f255657556378485a3b3c3d3e3f3291a94a4b4c4d4e4f495a5b5c5d5e5f52847576638768696a6b6c6d6e6f667778797a7b7c7d7e7f7485868788898a8b8c8d8e8f839495969798999a9b9c9d9e9f92a3a4a5a6a7a8a9aaabacadaeafaffda000c03010002110311003f00dfd80161c0fa0fc0fe9ef5d7baef48fe83fdb0f7ea0f4ebdd7b48fe83fdb0f7ea0f4ebdd7b48fe83fdb0f7ea0f4ebdd7b48fe83fdb0f7ea0f4ebdd7b48fe83fdb0f7ea0f4ebdd7b48fe83fdb0f7ea0f4ebdd71b0d7fa57f4ff00417faff5b5fdfbce9d7bafffd0dfdd7e83fd61fef5ef4380ebdd77ef7d7baf7bf75eebdefdd7baf7bf75eebdefdd7baf7bf75eeb8ff6ff00e41ff89f7af3ebdd7fffd1dfdd7e83fd61fef5ef4380ebdd77ef7d7baf7bf75eebdefdd7baf7bf75eebdefdd7baf7bf75eeb8ff6ff00e41ff89f7af3ebdd7fffd2dfdd7e83fd61fef5ef4380ebdd77ef7d7baf7bf75eebdefdd7baf7bf75eebdefdd7baf7bf75eeb8ff6ff00e41ff89f7af3ebdd7fffd3dd73e69f6eeedf8fff000f3e5277a6c2870b51be3a73e3d770767ecf8371d1d4e436fcbb9b62ec0cf6e5c1c79ba0a2adc6d656e25f258d8854451544124916a5591090c35e43ab28ab007d7ad517e3cff3d8fe63d49b4b3cbdf953f0f3b4f35dcbfca87e407f30ff008f796e8cdb3bb5331d23bbba7763e7b76e2b60fc91d993ef6aa89b0b9b5c3e89852d553d4453bc6ab52d79522df560809519c9ff0037f9fa10fe1eff003e0f9a5b7f35b99be60d27c67f937b2721fcaf97f98e60aabe1761f75c7bff00a93375d538ac7ed6f8dbdd183a9ceee9c4e27b0f7565f2f0635a9af14d8fc85444cf2c90997c3eebcc941e7c4f4c7fcbd7f9e1fcd2ddbf2efe3a75e7ca2cd9edeeb1f9659aaad878fc0ec3f85ddb1d37374c6f6dc1bff78e27676e53bbb75c5494f4dd7d8d18da2c3e42872d559cca08e68f20b565166693dd78a0a63a07ba3ffe147bf35f78fc4ff949b9fb230bd0db73e40f4c7c8ff8dadd71514bb1770d36daeccf8b3db7f23aa7e39f6064311b5e7def54f93dd5d7dbd705353cd591642255fe270834e4c1248deeb6d1e923d3a389da7f363f9f661ff9aae43f97c6cdcc7f2edc750eecdbdbcfe4e759e5f726d9ecaa88f1df0fb11dc792d978a1bd37053ee38268fb929f6cd1892aa820c61a37915a45a848d830f7f83ad5134d4d6bff0015d02bbb7f9e97f336c9f5676cff00361ea5ea2f8e197fe52dd27f27a5e8daaea4ce43bb68be52f63750e377ae3361653bda8b72bd78db781cbd5e7f3f471c18f58e58b1f34a619692b22a59eba5f75ed22b4ae7fcdc7adbc7fd296c9ff457fe9b3f8b8ff471fe8ebfd297f1ff0004da7fb93fddcfef6ff17fb6d1f716fe05fbde3d3aff0016bf1ef5e7f9754f979f5fffd4dd4be70754ef4ef6f861f2bba53ade9f1557d83db7f1cbb9badb63d2e732670b85a9dd9bd7af3706dddbd065b2e296b8e2f1d2e572312cd51e197c3192da1ad63af21d594d1813c2bd5267c6ff00e47db63e37ff0028deebe9deb8e82ea1d97fcc7be43fc16dfdd0bdc1d9f8ddd15f907de7d8dbb369e4e866c64fd879335e981d9f9ddc268ea7210e3296971f3cb04724b0cad046c37d6f59d418f455ba2ff906772759ee5dadd6d8dd95d7dd53f1e7e567f28cda1f153f98056759f68e4a8f7461fe75ec4a9acddd86f93fb4713f64d4fbb73f26eec5e3a233c2f051cab5b5d2cb4c012b3fbad9706a7cebfeaff57d9d233f978ff227f97bb27e5dfc72ec5f947b4f6ef5475afc48cdd76fdc4ee3eb6f97fdbfdb557dbbbef05bff0077e6b65e069769ef26ac867ebbad6c8d1e5f21599aa7c365ca471d0a532a34cb1fbaf16c63a03fb5ff00e13bdf39f7c7c18f845b630543d4184f957f1dfe5077e54f6761697b0a9e8b6c6fef8c3dcdf20c7c83c751e4b7c53edcd79ccaec8df3b6e82aa831d353aac2b94ab752254589bdd6c3d18d3857ad82377fc1fef5dc1fcf4baefe792e2b684ff1a76f7f2fbdcdf1bf375d3ee855de2fd899cecccdee7fb24da1fc3b5cb83386ab87fcac54d8bbba9552835fbaa57b69feaf2ea91729fc923f9ade17a3fb6ff93df5eef1f8db4bfcaebb7fe4f54f717fb33398cde76a3e42ecce92c96f6c2762e43a797aff00ed8d0e4776c19fdb94ed1d4c71ad2d5d5990bd7d3d2d4bc54deeada871233feaff008ae3d6e21fe8ab657fa28ff423fc2dbfd1cffa38ff00455fc17ee25d5fdcafeedff747f85fdd5fcdabf817ed792fabf3f5f7af3ea95cd7cfafffd5dfdd7e83fd61fef5ef4380ebdd77ef7d7baf7bf75eebdefdd7baf7bf75eebdefdd7baf7bf75eeb8ff6ff00e41ff89f7af3ebdd7fffd6dfdd7e83fd61fef5ef4380ebdd77ef7d7baf7bf75eebdefdd7baf7bf75eebdefdd7baf7bf75eeb8ff6ff00e41ff89f7af3ebdd7fffd7dfdd7e83fd61fef5ef4380ebdd77ef7d7baf7bf75eebdefdd7baf7bf75eebdefdd7baf7bf75eeb8ff6ff00e41ff89f7af3ebdd7fffd0dfd81161c8fa0fc8fe9ef5d7baef50fea3fdb8f7ea8f5ebdd7b50fea3fdb8f7ea8f5ebdd7b50fea3fdb8f7ea8f5ebdd7b50fea3fdb8f7ea8f5ebdd7b50fea3fdb8f7ea8f5ebdd7b50fea3fdb8f7ea8f5ebdd71b8d7fa97f4ff00517faff4bdfdfbcebd7bafffd9, 2, 11, 12, 0, 0, 0, 0);

--
-- Indexes for dumped tables
--

--
-- Indexes for table `agency`
--
ALTER TABLE `agency`
  ADD PRIMARY KEY (`agency_id`);

--
-- Indexes for table `customer`
--
ALTER TABLE `customer`
  ADD PRIMARY KEY (`customer_id`);

--
-- Indexes for table `distance`
--
ALTER TABLE `distance`
  ADD PRIMARY KEY (`ID`);

--
-- Indexes for table `main_order`
--
ALTER TABLE `main_order`
  ADD PRIMARY KEY (`order_id`),
  ADD KEY `sup_id` (`sup_id`);

--
-- Indexes for table `messages`
--
ALTER TABLE `messages`
  ADD PRIMARY KEY (`ID`);

--
-- Indexes for table `product`
--
ALTER TABLE `product`
  ADD PRIMARY KEY (`product_id`);

--
-- Indexes for table `sub_order`
--
ALTER TABLE `sub_order`
  ADD PRIMARY KEY (`sub_order_id`),
  ADD KEY `order_id` (`order_id`);

--
-- Indexes for table `test_price`
--
ALTER TABLE `test_price`
  ADD PRIMARY KEY (`id`);

--
-- Indexes for table `users`
--
ALTER TABLE `users`
  ADD PRIMARY KEY (`id`);

--
-- AUTO_INCREMENT for dumped tables
--

--
-- AUTO_INCREMENT for table `agency`
--
ALTER TABLE `agency`
  MODIFY `agency_id` int(11) NOT NULL AUTO_INCREMENT, AUTO_INCREMENT=5;

--
-- AUTO_INCREMENT for table `customer`
--
ALTER TABLE `customer`
  MODIFY `customer_id` int(11) NOT NULL AUTO_INCREMENT;

--
-- AUTO_INCREMENT for table `distance`
--
ALTER TABLE `distance`
  MODIFY `ID` int(11) NOT NULL AUTO_INCREMENT, AUTO_INCREMENT=9;

--
-- AUTO_INCREMENT for table `main_order`
--
ALTER TABLE `main_order`
  MODIFY `order_id` int(10) NOT NULL AUTO_INCREMENT, AUTO_INCREMENT=13;

--
-- AUTO_INCREMENT for table `messages`
--
ALTER TABLE `messages`
  MODIFY `ID` int(11) NOT NULL AUTO_INCREMENT, AUTO_INCREMENT=10;

--
-- AUTO_INCREMENT for table `product`
--
ALTER TABLE `product`
  MODIFY `product_id` int(10) NOT NULL AUTO_INCREMENT, AUTO_INCREMENT=33;

--
-- AUTO_INCREMENT for table `sub_order`
--
ALTER TABLE `sub_order`
  MODIFY `sub_order_id` int(10) NOT NULL AUTO_INCREMENT, AUTO_INCREMENT=18;

--
-- AUTO_INCREMENT for table `test_price`
--
ALTER TABLE `test_price`
  MODIFY `id` int(15) NOT NULL AUTO_INCREMENT, AUTO_INCREMENT=10;

--
-- AUTO_INCREMENT for table `users`
--
ALTER TABLE `users`
  MODIFY `id` int(11) NOT NULL AUTO_INCREMENT, AUTO_INCREMENT=16;

--
-- Constraints for dumped tables
--

--
-- Constraints for table `main_order`
--
ALTER TABLE `main_order`
  ADD CONSTRAINT `main_order_ibfk_1` FOREIGN KEY (`sup_id`) REFERENCES `users` (`id`);

--
-- Constraints for table `sub_order`
--
ALTER TABLE `sub_order`
  ADD CONSTRAINT `sub_order_ibfk_1` FOREIGN KEY (`order_id`) REFERENCES `main_order` (`order_id`);
COMMIT;

/*!40101 SET CHARACTER_SET_CLIENT=@OLD_CHARACTER_SET_CLIENT */;
/*!40101 SET CHARACTER_SET_RESULTS=@OLD_CHARACTER_SET_RESULTS */;
/*!40101 SET COLLATION_CONNECTION=@OLD_COLLATION_CONNECTION */;
